City Code Descriptio,Special Process Indi,BIDING AMMOUNT
TALIBPUR,1153,598
KHARGRAM,1162,457
RAJGRAM,1163,403
DEOGHAR - STO,1167,705
DEOGHAR - STO,1166,700
DEOGHAR - STO,1164,705
SAHEBGUNJ - STO,1166,758
SAHEBGUNJ - STO,1167,760
SAHEBGUNJ - STO,1164,771
DUMKA DUMP - STO,1167,543
DUMKA DUMP - STO,1166,538
DUMKA DUMP - STO,1164,548
PAKUR DUMP - STO,1167,408
PAKUR DUMP - STO,1166,403
PAKUR DUMP - STO,1164,412
JAMTARA DUMP - STO,1167,705
JAMTARA DUMP - STO,1166,700
JAMTARA DUMP - STO,1164,705
GODDA - STO,1166,734
GODDA - STO,1164,740
GODDA - STO,1167,739
PAKUR-T8-STO,1167,419
PAKUR-T8-STO,1166,414
PAKUR-T9-STO,1166,414
PAKUR-T9-STO,1167,419
SAHEBGUNJ-P2-STO,1166,758
SAHEBGUNJ-P2-STO,1167,760
SAHEBGUNJ-P2-STO,1164,771
SAHEBGUNJ-P3-STO,1164,771
SAHEBGUNJ-P3-STO,1167,760
SAHEBGUNJ-P3-STO,1166,758
SAHIBGANJ T5-STO,1164,771
SAHIBGANJ T5-STO,1166,758
SAHIBGANJ T5-STO,1167,760
SAHIBGANJ T6-STO,1164,771
SAHIBGANJ T6-STO,1166,758
SAHIBGANJ T6-STO,1167,760
BG PAKUR-STO,1167,419
BG PAKUR-STO,1164,421
BG PAKUR-STO,1166,414
BG DUMKA-STO,1164,571
BG DUMKA-STO,1166,565
BG DUMKA-STO,1167,570
BG SAHIBGANJ 1 - STO,1167,760
BG SAHIBGANJ 1 - STO,1166,758
BG SAHIBGANJ 1 - STO,1164,771
BG SAHIBGANJ 2 - STO,1164,771
BG SAHIBGANJ 2 - STO,1166,758
BG SAHIBGANJ 2 - STO,1167,760
GODDA - STO,1164,717
GODDA - STO,1166,707
GODDA - STO,1167,712
AMRAPARA,1164,499
AMRAPARA,1167,494
AMRAPARA,1166,489
ASANBANI,1167,605
ASANBANI,1164,609
ASANBANI,1166,600
ATAPUR,1166,601
ATAPUR,1167,607
ATAPUR,1164,616
BARHARWA,1167,573
BARHARWA,1164,583
BARHARWA,1166,567
BARHET,1164,692
BARHET,1166,673
BARHET,1167,680
BARMASIA,1166,598
BARMASIA,1164,605
BARMASIA,1167,603
BARWADA,1164,955
BASANT RAI,1166,824
BASANT RAI,1164,834
BASANT RAI,1167,829
BASUKINATH,1166,613
BASUKINATH,1164,622
BASUKINATH,1167,618
BHAGAIYA,1167,755
BHAGAIYA,1166,748
BHAGAIYA,1164,771
BOARIZOR,1166,741
BOARIZOR,1164,752
BOARIZOR,1167,746
BORIO,1164,643
BORIO,1167,633
BORIO,1166,627
BALIDIH,1164,813
BALIDIH,1166,787
BALIDIH,1167,795
BEGAMGANJ,1166,626
BEGAMGANJ,1164,644
BEGAMGANJ,1167,632
BANJHI,1167,765
BANJHI,1166,758
BANJHI,1164,783
BINDUPARA,1166,587
BINDUPARA,1164,603
BINDUPARA,1167,593
DEOGHAR,1167,741
DEOGHAR,1164,754
DEOGHAR,1166,733
DEVIPUR,1167,820
DEVIPUR,1166,821
DEVIPUR,1164,848
DUMKA,1164,608
DUMKA,1167,606
DUMKA,1166,601
DHAMNI,1166,794
DHAMNI,1167,802
DHAMNISEMIA,1166,764
DHAMNISEMIA,1167,772
DIGHI,1164,629
DIGHI,1167,621
DIGHI,1166,615
DEODANAR,1166,647
DEODANAR,1167,654
DEODANAR,1164,664
DURGAPUR,1164,771
DURGAPUR,1167,755
DURGAPUR,1166,748
GODDA,1167,738
GODDA,1164,750
GODDA,1166,731
GOPIKANDAR,1166,524
GOPIKANDAR,1164,533
GOPIKANDAR,1167,529
GUMANI,1167,586
GUMANI,1164,591
GUMANI,1166,581
GUNPUR,1164,574
GUNPUR,1167,569
GUNPUR,1166,564
HANSDIHA,1164,634
HANSDIHA,1167,630
HANSDIHA,1166,625
HANWARA,1167,830
HANWARA,1164,846
HANWARA,1166,822
HIRANPUR,1164,499
HIRANPUR,1166,489
HIRANPUR,1167,494
ISLAMPUR,1166,601
ISLAMPUR,1167,607
ISLAMPUR,1164,616
JAMA,1167,504
JAMA,1164,508
JAMA,1166,499
JAMTARA,1164,741
JARMUNDI,1167,691
JARMUNDI,1164,693
JARMUNDI,1166,686
KARMATAND,1164,843
KARMATAND,1167,841
KARMATAND,1166,836
KARON,1167,760
KARON,1164,781
KARON,1166,752
KATHIKUND,1167,567
KATHIKUND,1164,569
KATHIKUND,1166,562
KENDUA,1164,660
KENDUA,1166,641
KENDUA,1167,648
KUNDAIT,1166,647
KUNDAIT,1164,655
KUTALPOKAR,1166,576
KUTALPOKAR,1164,593
KUTALPOKAR,1167,582
KUSUMGHATI ( GODDA),1164,833
KUSUMGHATI ( GODDA),1167,828
KUSUMGHATI ( GODDA),1166,823
KELABARI,1166,601
KELABARI,1164,616
KELABARI,1167,607
KOTALPOKHAR,1167,602
KOTALPOKHAR,1164,611
KOTALPOKHAR,1166,596
LITTIPARA,1166,589
LITTIPARA,1164,599
LITTIPARA,1167,594
LAKHANPUR,1167,479
LAKHANPUR,1164,482
LAKHANPUR,1166,474
MADHUPUR,1164,775
MADHUPUR,1166,751
MADHUPUR,1167,758
MAHARAJPUR,1166,736
MAHARAJPUR,1167,741
MAHARAJPUR,1164,747
MAHESHPUR RAJ,1167,503
MAHESHPUR RAJ,1164,509
MAHESHPUR RAJ,1166,498
MANDRO,1166,646
MANDRO,1167,653
MANDRO,1164,663
MEHERMA,1164,760
MEHERMA,1167,743
MEHERMA,1166,735
MIHIJAM,1164,843
MIRZACHOWKI,1164,762
MIRZACHOWKI,1166,741
MIRZACHOWKI,1167,749
MOHANPUR,1166,783
MOHANPUR,1164,810
MOHANPUR,1167,791
MASALIA,1164,693
MASALIA,1167,691
MASALIA,1166,686
MAHADEVGANJ,1167,758
MAHADEVGANJ,1164,776
MAHADEVGANJ,1166,750
MAHAGAMA,1167,770
MAHAGAMA,1166,763
MAHAGAMA,1164,785
MUGMA,1164,817
NALA,1164,829
NARAYANPUR,1164,843
NIRSA,1164,824
NARAINI,1167,765
NARAINI,1166,758
NARAINI,1164,783
NASIBPUR,1164,489
NASIBPUR,1167,483
NASIBPUR,1166,478
PAKUR,1167,480
PAKUR,1164,485
PAKUR,1166,475
PAKURIA,1166,484
PAKURIA,1164,494
PAKURIA,1167,489
PALAJORI,1166,751
PALAJORI,1167,756
PALAJORI,1164,760
PATHARGAMA,1166,733
PATHARGAMA,1164,754
PATHARGAMA,1167,741
PORIYAHAT,1166,737
PORIYAHAT,1164,757
PORIYAHAT,1167,745
PINARGARIA,1166,407
PINARGARIA,1164,416
PINARGARIA,1167,411
PABIA,1164,843
PATABARI,1167,639
PATABARI,1166,634
PATABARI,1164,644
PIARPUR,1167,607
PIARPUR,1166,601
PIARPUR,1164,616
PATHNA,1166,601
PATHNA,1164,616
PATHNA,1167,607
RAJMAHAL,1164,676
RAJMAHAL,1166,666
RAJMAHAL,1167,671
RANESHWAR,1164,486
RANESHWAR,1167,483
RANESHWAR,1166,478
RANIBAHAL,1166,525
RANIBAHAL,1167,530
RANIBAHAL,1164,533
RAMGARH ( DEOGRH),1164,687
RAMGARH ( DEOGRH),1167,685
RAMGARH ( DEOGRH),1166,680
RAMNAGAR,1164,616
RAMNAGAR,1166,601
RAMNAGAR,1167,607
SAHEBGANJ,1164,663
SAHEBGANJ,1167,653
SAHEBGANJ,1166,646
SARAT,1167,765
SARAT,1166,758
SARAT,1164,782
SARAUNI,1166,722
SARAUNI,1167,729
SARAUNI,1164,744
SARAWAN,1164,787
SARAWAN,1166,765
SARAWAN,1167,772
SHIKARIPARA,1167,548
SHIKARIPARA,1166,543
SHIKARIPARA,1164,551
SUNDAR PAHARI,1166,717
SUNDAR PAHARI,1167,724
SUNDAR PAHARI,1164,740
SARASDANGAL,1166,450
SARASDANGAL,1164,458
SARASDANGAL,1167,455
SAGARBHANGA,1167,530
SAGARBHANGA,1166,523
SAGARBHANGA,1164,535
SAHARGAON,1164,543
SAHARGAON,1166,533
SAHARGAON,1167,538
SIRASING,1164,480
SIRASING,1166,470
SIRASING,1167,475
TALJHARI,1166,618
TALJHARI,1167,624
TALJHARI,1164,634
THAKUR GHANTI,1166,748
THAKUR GHANTI,1167,755
THAKUR GHANTI,1164,771
TINPAHAR,1166,749
TINPAHAR,1164,775
TINPAHAR,1167,757
TORAI,1164,509
TORAI,1167,503
TORAI,1166,498
TONGRA,1164,639
TONGRA,1167,631
TONGRA,1166,621
UDHWA,1164,615
UDHWA,1167,610
UDHWA,1166,606
21 MILE,1166,607
21 MILE,1164,614
21 MILE,1167,612
3 MILE,1164,1064
3 MILE,1167,1060
3 MILE,1166,1055
RAJBARI - STO,1167,387
RAJBARI - STO,1166,385
RAJBARI - STO,1164,389
BURDWAN - STO,1164,742
KRISHNANAGAR - STO,1167,660
KRISHNANAGAR - STO,1166,658
KRISHNANAGAR - STO,1164,663
MALDA - STO,1166,529
MALDA - STO,1167,531
MALDA - STO,1164,535
RAKSHAKALITALA - STO,1164,503
RAKSHAKALITALA - STO,1167,500
RAKSHAKALITALA - STO,1166,498
SILIGURI - STO,1166,1061
SILIGURI - STO,1164,1058
SILIGURI - STO,1167,1066
COSSIPORE-21B RLYS R,1164,944
ARAMBAGH - STO,1164,847
COSSIPORE-3 RLYS - S,1164,944
RAMPUR-STO,1167,905
RAMPUR-STO,1166,892
RAMPUR-STO,1164,921
SILIGURI NT -STO,1164,1058
SILIGURI NT -STO,1166,1061
SILIGURI NT -STO,1167,1066
BERHAMPORE -T1-STO,1164,408
BERHAMPORE -T1-STO,1166,406
BERHAMPORE -T1-STO,1167,407
BERHAMPORE-T2-STO,1166,406
BERHAMPORE-T2-STO,1167,407
BERHAMPORE-T2-STO,1164,408
MALDA-T1-STO,1166,546
MALDA-T1-STO,1164,549
MALDA-T1-STO,1167,548
MALDA-T2-STO,1164,549
MALDA-T2-STO,1166,546
MALDA-T2-STO,1167,548
MALDA-T3-STO,1164,549
MALDA-T3-STO,1167,548
MALDA-T3-STO,1166,546
SAINTHIA -T1-STO,1164,503
SAINTHIA -T1-STO,1167,500
SAINTHIA -T1-STO,1166,498
SAINTHIA -T2-STO,1167,500
SAINTHIA -T2-STO,1166,498
SAINTHIA -T2-STO,1164,503
SAINTHIA -T4-STO,1166,498
SAINTHIA -T4-STO,1164,503
SAINTHIA -T4-STO,1167,500
SILIGURI -T1-STO,1167,1066
SILIGURI -T1-STO,1166,1061
SILIGURI -T1-STO,1164,1052
SILIGURI -T2-STO,1166,1061
SILIGURI -T2-STO,1164,1058
SILIGURI -T2-STO,1167,1066
SILIGURI -T4-STO,1164,1058
SILIGURI -T4-STO,1167,1066
SILIGURI -T4-STO,1166,1061
SONAR BANGLA HUB - S,1166,48
SONAR BANGLA HUB - S,1167,48
SONAR BANGLA HUB - S,1164,48
RAIGANJ - STO,1164,710
RAIGANJ - STO,1167,700
RAIGANJ - STO,1166,690
Gangarampur - STO,1167,710
Gangarampur - STO,1166,692
Gangarampur - STO,1164,710
BG KRISHNANAGAR -STO,1164,663
BG KRISHNANAGAR -STO,1167,660
BG KRISHNANAGAR -STO,1166,658
BG SAINTHIA 1 -STO,1164,503
BG SAINTHIA 1 -STO,1167,500
BG SAINTHIA 1 -STO,1166,498
BG SAINTHIA 2 -STO,1164,503
BG SAINTHIA 2 -STO,1166,498
BG SAINTHIA 2 -STO,1167,500
BG SAINTHIA 3 -STO,1167,500
BG SAINTHIA 3 -STO,1166,498
BG SAINTHIA 3 -STO,1164,503
BG SILIGURI 1 -STO,1166,1061
BG SILIGURI 1 -STO,1167,1066
BG SILIGURI 1 -STO,1164,1058
BG SILIGURI 2 -STO,1167,1066
BG SILIGURI 2 -STO,1166,1061
BG SILIGURI 2 -STO,1164,1058
BERHAMPORE-T3-STO,1166,406
BERHAMPORE-T3-STO,1167,407
BERHAMPORE-T3-STO,1164,408
BERHAMPORE-T4-STO,1167,407
BERHAMPORE-T4-STO,1164,408
BERHAMPORE-T4-STO,1166,406
BERHAMPORE-T5-STO,1167,407
BERHAMPORE-T5-STO,1166,406
BERHAMPORE-T5-STO,1164,408
BERHAMPORE-T6-STO,1166,406
BERHAMPORE-T6-STO,1164,408
BERHAMPORE-T6-STO,1167,407
BERHAMPORE-T7-STO,1166,406
BERHAMPORE-T7-STO,1164,408
BERHAMPORE-T7-STO,1167,407
BERHAMPORE-T8-STO,1164,408
BERHAMPORE-T8-STO,1167,407
BERHAMPORE-T8-STO,1166,406
BG MALDA 2 -STO,1164,549
BG MALDA 2 -STO,1167,548
BG MALDA 2 -STO,1166,546
BG MALDA 3 -STO,1166,546
BG MALDA 3 -STO,1164,549
BG MALDA 3 -STO,1167,548
KRISHNANAGAR-T4-STO,1164,538
KRISHNANAGAR-T4-STO,1166,529
KRISHNANAGAR-T4-STO,1167,533
MALDA-T4-STO,1167,548
MALDA-T4-STO,1166,546
MALDA-T4-STO,1164,549
BG BERHAMPORE 3 - ST,1164,395
BG BERHAMPORE 3 - ST,1166,386
BG BERHAMPORE 3 - ST,1167,391
BG BERHAMPORE 4 - ST,1164,395
BG BERHAMPORE 4 - ST,1167,391
BG BERHAMPORE 4 - ST,1166,386
BG BURDWAN -STO,1164,742
BG DALKHOLA 1 -STO,1166,838
BG DALKHOLA 1 -STO,1167,838
BG DALKHOLA 1 -STO,1164,842
BG DALKHOLA 3 -STO,1164,910
BG DALKHOLA 3 -STO,1167,906
BG DALKHOLA 3 -STO,1166,904
BG DALKHOLA 3 -STO,1167,906
BG DALKHOLA 3 -STO,1166,904
BG DALKHOLA 3 -STO,1164,910
BG DALKHOLA 5 -STO,1164,910
BG DALKHOLA 5 -STO,1166,904
BG DALKHOLA 5 -STO,1167,906
BG MALDA 1 -STO,1166,529
BG MALDA 1 -STO,1164,535
BG MALDA 1 -STO,1167,531
BG DALKHOLA 2 - STO,1167,906
BG DALKHOLA 2 - STO,1166,904
BG DALKHOLA 2 - STO,1164,910
SAINTHIA-T5-STO,1166,498
SAINTHIA-T5-STO,1167,500
SAINTHIA-T5-STO,1164,503
SAINTHIA-T6-STO,1164,503
SAINTHIA-T6-STO,1166,498
SAINTHIA-T6-STO,1167,500
SAINTHIA-T7-STO,1166,498
SAINTHIA-T7-STO,1167,500
SAINTHIA-T7-STO,1164,503
SAINTHIA-T8-STO,1167,500
SAINTHIA-T8-STO,1166,498
SAINTHIA-T8-STO,1164,503
BG BERHAMPORE 1 -STO,1167,406
BG BERHAMPORE 1 -STO,1164,410
BG BERHAMPORE 1 -STO,1166,405
BG BERHAMPORE 2 -STO,1166,406
BG BERHAMPORE 2 -STO,1164,408
BG BERHAMPORE 2 -STO,1167,407
BG SAINTHIA 4 - STO,1166,498
BG SAINTHIA 4 - STO,1167,500
BG SAINTHIA 4 - STO,1164,503
BG SILIGURI 4,1167,1051
BG SILIGURI 4,1166,1046
BG SILIGURI 4,1164,1390
BERHAMPORE T9 - STO,1167,343
BERHAMPORE T9 - STO,1164,343
BERHAMPORE T9 - STO,1166,343
CHANCHAL-STO,1166,648
CHANCHAL-STO,1164,700
CHANCHAL-STO,1167,672
ABADANGA,1167,593
ABADANGA,1164,595
ABADANGA,1166,588
AGARPARA,1164,819
AGRADEEP,1164,513
AGRADWIP,1167,669
AGRADWIP,1166,664
AGRADWIP,1164,671
AHAMMADPUR,1164,542
AHAMMADPUR,1166,534
AHAMMADPUR,1167,539
AHIRON / AJGARPARA,1166,250
AHIRON / AJGARPARA,1167,253
AHIRON / AJGARPARA,1164,256
AIHYO,1164,590
AIHYO,1166,583
AIHYO,1167,588
AISHMALI,1167,830
AISHMALI,1164,832
AISHMALI,1166,825
AISHTALA,1166,780
AISHTALA,1164,787
AISHTALA,1167,785
AJAPUR,1164,723
AKAIPUR,1167,849
AKAIPUR,1164,850
AKAIPUR,1166,844
ALINAGOR,1164,582
ALINAGOR,1167,580
ALINAGOR,1166,575
ALIPORE,1164,925
ALUGRAM,1164,537
ALUGRAM,1166,529
ALUGRAM,1167,534
AMAIPARA,1164,291
AMAIPARA,1166,281
AMAIPARA,1167,286
AMARUN,1164,659
AMDAHARA,1164,595
AMDAHARA,1167,593
AMDAHARA,1166,588
AMLAI,1167,471
AMLAI,1166,466
AMLAI,1164,474
AMRAGARH,1164,764
AMTA,1164,887
AMTALA (BELDANGA),1164,463
AMTALA (BELDANGA),1166,455
AMTALA (BELDANGA),1167,459
ANARA,1164,819
ANDAL,1164,642
ANDI,1166,427
ANDI,1167,432
ANDI,1164,435
ANDULIA,1164,671
ANDULIA,1167,669
ANDULIA,1166,664
ANGARGORIA,1167,539
ANGARGORIA,1164,542
ANGARGORIA,1166,534
ANKHONA,1164,540
ANKONA,1166,634
ANKONA,1164,642
ANKONA,1167,639
ANTARDWIPA,1167,419
ANTARDWIPA,1166,414
ANTARDWIPA,1164,422
ANULIA,1164,734
ANULIA,1167,732
ANULIA,1166,727
ANUPPUR,1167,200
ANUPPUR,1166,196
ANUPPUR,1164,200
ARAMBAG LINK ROAD,1164,783
ARAMBAGH,1164,793
ARANGHATA,1164,787
ARANGHATA,1167,785
ARANGHATA,1166,780
ARBANDI,1167,664
ARBANDI,1164,666
ARBANDI,1166,659
ARIADAHA,1164,878
ARKAMA,1164,858
ARSHA,1164,941
ASANNAGAR,1166,702
ASANNAGAR,1167,707
ASANNAGAR,1164,709
ASANSOL,1164,725
ASHACHIA,1164,615
ASHACHIA,1167,612
ASHACHIA,1166,608
ASHAURU (HELANCHA),1167,785
ASHAURU (HELANCHA),1164,787
ASHAURU (HELANCHA),1166,780
AURANGABAD,1166,378
AURANGABAD,1164,386
AURANGABAD,1167,383
AUSHGRAM,1164,704
AUSHGRAM-2,1164,664
AWALSIDDHI,1164,782
AYAS,1167,345
AYAS,1166,340
AYAS,1164,349
AZIMGANJ / MAHINAGAR,1164,380
AZIMGANJ / MAHINAGAR,1167,377
AZIMGANJ / MAHINAGAR,1166,372
AZIMGUNJ,1166,387
AZIMGUNJ,1164,396
AZIMGUNJ,1167,392
ADRAHATI,1164,825
ALAMGANG,1164,693
ALAMPUR,1164,740
ANANDANAGAR,1167,808
ANANDANAGAR,1164,810
ANANDANAGAR,1166,803
AREPARA,1167,808
AREPARA,1166,803
AREPARA,1164,810
ATAGARH,1164,704
AJODHYA,1164,850
AMARKANAN,1164,764
ADINA,1167,678
ADINA,1166,673
ADINA,1164,683
ARAIDANGA,1166,600
ARAIDANGA,1164,607
ARAIDANGA,1167,605
ASHOKGRAM,1164,764
ASHOKGRAM,1167,759
ASHOKGRAM,1166,754
AMDOB,1164,808
AMDOB,1167,806
AMDOB,1166,801
ARBETAI,1166,627
ARBETAI,1164,636
ARBETAI,1167,632
ANANTAPUR (MSD),1166,350
ANANTAPUR (MSD),1167,355
ANANTAPUR (MSD),1164,359
ALINAGAR,1167,615
ALINAGAR,1164,618
ALINAGAR,1166,611
ASHAPUR,1164,761
ASHAPUR,1167,749
ASHAPUR,1166,732
AGRA HARISCHANDRAPUR,1164,597.92
AGRA HARISCHANDRAPUR,1167,593.11
AGRA HARISCHANDRAPUR,1166,588.3
AMTOLI,1164,698
AMTOLI,1167,695
AMTOLI,1166,692
BABLARI,1167,672
BABLARI,1166,667
BABLARI,1164,674
BABUIJORE,1164,647
BABUIJORE,1167,644
BABUIJORE,1166,639
BACHHRA,1164,505
BACHHRA,1166,497
BACHHRA,1167,502
BADAM TALA,1164,659
BADANGUNJ,1164,769
BADKULLA,1167,707
BADKULLA,1166,702
BADKULLA,1164,709
BADURIA,1164,856
BAGACHARA,1167,615
BAGACHARA,1166,611
BAGACHARA,1164,618
BAGDAH,1167,806
BAGDAH,1166,801
BAGDAH,1164,808
BAGDOLA,1166,688
BAGDOLA,1164,695
BAGDOLA,1167,693
BAGHAJATIN,1164,885
BAGHMUNDI,1164,981
BAGHON,1164,764
BAGHON,1167,760
BAGHON,1166,755
BAGJOLA,1164,819
BAGULA,1166,724
BAGULA,1167,729
BAGULA,1164,731
BAHADURPUR,1166,369
BAHADURPUR,1164,377
BAHADURPUR,1167,374
BAHARA,1164,545
BAHARA,1167,542
BAHARA,1166,537
BAHIRI,1166,588
BAHIRI,1167,593
BAHIRI,1164,595
BAIDHARA,1167,317
BAIDHARA,1166,312
BAIDHARA,1164,321
BAIDYAPUR,1164,807
BAIDYAPUR,1167,805
BAIDYAPUR,1166,800
BAKALSA,1167,473
BAKALSA,1166,468
BAKALSA,1164,476
BAKRESWAR,1164,594
BAKRESWAR,1167,592
BAKRESWAR,1166,587
BAKTORE,1164,647
BAKTORE,1166,639
BAKTORE,1167,644
BAKUL,1164,528
BAKUL,1166,520
BAKUL,1167,525
BALARAMPUR,1164,951
BALI / TUNGI,1164,192
BALI / TUNGI,1167,190
BALI / TUNGI,1166,188
BALIA (BELE),1167,806
BALIA (BELE),1164,808
BALIA (BELE),1166,801
BALIAGHAT (APER),1164,452
BALIAGHAT (APER),1166,444
BALIAGHAT (APER),1167,449
BALIGHAI,1164,994
BALIGUNI,1164,647
BALIGUNI,1166,639
BALIGUNI,1167,644
BALIHARPUR,1164,579
BALIHARPUR,1167,577
BALIHARPUR,1166,572
BALINDI,1164,850
BALINDI,1166,844
BALINDI,1167,849
BALIPUR,1164,848
BALLAVPARA,1167,669
BALLAVPARA,1164,671
BALLAVPARA,1166,664
BALURGHAT,1167,836
BALURGHAT,1164,840
BALURGHAT,1166,831
BAMANPUKUR(KNJ),1167,701
BAMANPUKUR(KNJ),1164,703
BAMANPUKUR(KNJ),1166,696
BAMONGOLA,1164,690
BAMONGOLA,1167,685
BAMONGOLA,1166,681
BAMONGRAM,1166,520
BAMONGRAM,1164,528
BAMONGRAM,1167,525
BANDAR,1167,644
BANDAR,1164,647
BANDAR,1166,639
BANDWAN,1164,951
BANESHWARPUR,1166,844
BANESHWARPUR,1164,850
BANESHWARPUR,1167,849
BANGACHATRA,1167,593
BANGACHATRA,1166,588
BANGACHATRA,1164,595
BANHA,1164,377
BANHA,1167,374
BANHA,1166,369
BANIOR,1164,456
BANIOR,1167,453
BANIOR,1166,448
BANKURA MORE,1164,848
BANONABAGRAM,1164,463
BANONABAGRAM,1167,459
BANONABAGRAM,1166,455
BANPUR,1166,780
BANPUR,1167,785
BANPUR,1164,787
BANPUR (MATIARY),1164,709
BANPUR (MATIARY),1167,707
BANPUR (MATIARY),1166,702
BIPRIT,1164,865
BIPRIT,1166,858
BIPRIT,1167,863
BAISHNABNAGAR,1164,502
BAISHNABNAGAR,1167,497
BAISHNABNAGAR,1166,492
BALAGARH,1164,732
BARABANI,1164,808
BHASTARA,1164,779
BOINCHI,1164,807
BAGHNAPARA,1164,723
BALAGARH V HABIB PUR,1167,849
BALAGARH V HABIB PUR,1164,850
BALAGARH V HABIB PUR,1166,844
BALGONA,1164,605
BANSANKA,1166,588
BANSANKA,1167,593
BANSANKA,1164,595
BANSDRONI,1164,861
BANSHIHARI,1166,679
BANSHIHARI,1164,688
BANSHIHARI,1167,686
BANSLOI,1164,463
BANSLOI,1166,455
BANSLOI,1167,459
BANTALA,1164,884
BANKAPASHI,1164,552
BANPAS,1164,659
BELEPARA,1164,848
BELERHAT,1164,704
BELPUKUR,1166,702
BELPUKUR,1164,709
BELPUKUR,1167,707
BETNA,1167,729
BETNA,1164,731
BETNA,1166,724
BARA ATAGI,1166,664
BARA ATAGI,1167,669
BARA ATAGI,1164,671
BARAANDULIA,1164,592
BARAANDULIA,1167,590
BARAANDULIA,1166,585
BARAKULI,1167,521
BARAKULI,1166,516
BARAKULI,1164,525
BARALA,1166,196
BARALA,1167,200
BARALA,1164,200
BHABANIPUR,1167,808
BHABANIPUR,1166,803
BHABANIPUR,1164,810
BHALUKA,1166,664
BHALUKA,1164,671
BHALUKA,1167,669
BHANDERKHOLA,1166,702
BHANDERKHOLA,1164,709
BHANDERKHOLA,1167,707
BHIMPUR (KNJ),1164,731
BHIMPUR (KNJ),1166,724
BHIMPUR (KNJ),1167,729
BITRA,1164,764
BOHAR,1164,723
BAKSI,1164,955
BIBARDA,1164,850
BARANAGAR,1164,878
BARASAT,1164,811
BARDANGA,1167,672
BARDANGA,1164,674
BARDANGA,1166,667
BARDDHAMAN,1164,674
BARGRACHI,1164,887
BARGRACHI,1167,886
BARGRACHI,1166,881
BARISHA,1164,861
BARNIA,1166,664
BARNIA,1167,669
BARNIA,1164,671
BARAKPUR SRIPALLY,1166,803
BARAKPUR SRIPALLY,1167,808
BARAKPUR SRIPALLY,1164,810
BATNA,1167,590
BATNA,1166,585
BATNA,1164,592
BHAWANIPUR (MLD),1166,463
BHAWANIPUR (MLD),1167,468
BHAWANIPUR (MLD),1164,472
BUNIADPUR (DD),1164,701
BUNIADPUR (DD),1167,699
BUNIADPUR (DD),1166,694
BURDA,1164,981
BARSUL,1164,723
BALAPUR,1166,800
BALAPUR,1167,805
BALAPUR,1164,810
BASAPARA,1167,593
BASAPARA,1164,595
BASAPARA,1166,588
BASICMORE,1166,455
BASICMORE,1167,459
BASICMORE,1164,463
BASUDEVKHALI,1164,363
BASUDEVKHALI,1166,354
BASUDEVKHALI,1167,359
BASUDEVPUR,1164,356
BASUDEVPUR,1167,352
BASUDEVPUR,1166,347
BATASPUR,1164,528
BATASPUR,1167,525
BATASPUR,1166,520
BATIKAR,1164,595
BATIKAR,1167,593
BATIKAR,1166,588
BAUTIA,1166,455
BAUTIA,1167,459
BAUTIA,1164,463
BAXIPUR GHAT,1167,567
BAXIPUR GHAT,1166,562
BAXIPUR GHAT,1164,569
BAHIRCHARA,1167,711
BAHIRCHARA,1166,706
BAHIRCHARA,1164,713
BALIADANGA,1167,625
BALIADANGA,1164,629
BALIADANGA,1166,620
BAZARSO / MAJLISHPUR,1167,438
BAZARSO / MAJLISHPUR,1166,433
BAZARSO / MAJLISHPUR,1164,441
BAZITPUR,1167,849
BAZITPUR,1164,850
BAZITPUR,1166,844
BBD BAG,1164,850
BEGAMPUR,1164,970
BEKIBAGAN,1167,399
BEKIBAGAN,1164,403
BEKIBAGAN,1166,394
BELDA,1164,950
BAGOR,1164,359
BAGOR,1167,355
BAGOR,1166,350
BAHUTALI,1166,327
BAHUTALI,1167,332
BAHUTALI,1164,336
BALIA (MSD),1166,193
BALIA (MSD),1167,195
BALIA (MSD),1164,197
BELDANGA,1167,474
BELDANGA,1164,477
BELDANGA,1166,469
BELDANGA-1,1164,432
BELDANGA-1,1166,424
BELDANGA-1,1167,429
BELEGHATA-KOLKATA,1164,884
BELER HATT STN. RD.,1164,626
BHUTNI,1166,619.22
BHUTNI,1167,623
BHUTNI,1164,626.17
BELIAGHATA,1164,883
BELPAHARI,1164,981
BENGAI,1164,802
BENIAGRAM,1164,415
BENIAGRAM,1167,412
BENIAGRAM,1166,407
BERHAMPORE,1164,377
BERHAMPORE,1166,368
BERHAMPORE,1167,373
BETAI,1167,707
BETAI,1166,702
BETAI,1164,709
BETHUADAHARI,1166,608
BETHUADAHARI,1167,612
BETHUADAHARI,1164,615
BEYARA,1164,799
BEYARA,1166,792
BEYARA,1167,797
BHABANANDAPUR,1166,427
BHABANANDAPUR,1164,435
BHABANANDAPUR,1167,432
BHADRAPUR,1164,303
BHADRAPUR,1167,299
BHADRAPUR,1166,294
BHADURIAPARA,1164,477
BHADURIAPARA,1166,469
BHADURIAPARA,1167,474
BHAGIRATHPUR,1167,548
BHAGIRATHPUR,1164,551
BHAGIRATHPUR,1166,543
BHAGWANGOLA,1166,353
BHAGWANGOLA,1167,358
BHAGWANGOLA,1164,362
BHAINA,1164,773
BHAINA,1167,771
BHAINA,1166,766
BHAJANGHAT,1164,810
BHAJANGHAT,1167,808
BHAJANGHAT,1166,803
BHAKURI,1166,394
BHAKURI,1167,399
BHAKURI,1164,403
BHALUKA BATTALA,1167,669
BHALUKA BATTALA,1164,671
BHALUKA BATTALA,1166,664
BHALUKA BAZAR,1166,664
BHALUKA BAZAR,1164,671
BHALUKA BAZAR,1167,669
BHANDARHATI,1164,829
BHANGAKUTHI,1164,669
BHAPTA,1166,439
BHAPTA,1164,447
BHAPTA,1167,444
BHARATPUR,1164,527
BHARATPUR,1167,524
BHARATPUR,1166,519
BHATAR,1164,659
BHEDIA,1164,659
BHIMGARH,1167,644
BHIMGARH,1166,639
BHIMGARH,1164,647
BHIMPUR,1164,408
BHIMPUR,1167,404
BHIMPUR,1166,399
BHUPATI NAGAR,1164,994
BIDHANNAGAR,1164,850
BILASPUR,1167,778
BILASPUR,1166,770
BILASPUR,1164,788
BILKUMARI,1167,625
BILKUMARI,1164,629
BILKUMARI,1166,620
BINODIA,1166,534
BINODIA,1167,539
BINODIA,1164,542
BIPROTIKURI,1164,595
BIPROTIKURI,1167,593
BIPROTIKURI,1166,588
BIRCHANDRAPUR,1167,459
BIRCHANDRAPUR,1164,463
BIRCHANDRAPUR,1166,455
BIRNAGAR,1166,724
BIRNAGAR,1164,731
BIRNAGAR,1167,729
BIROHI,1164,808
BIROHI,1167,806
BIROHI,1166,801
BIRPUR,1164,709
BIRPUR,1166,702
BIRPUR,1167,707
BISHNUPUR(SNT),1164,433
BISHNUPUR(SNT),1167,430
BISHNUPUR(SNT),1166,425
BISWARAMBHA,1164,704
BOLPUR,1166,520
BOLPUR,1167,525
BOLPUR,1164,528
BONGAON,1164,785
BONGAON,1167,783
BONGAON,1166,778
BORAL,1164,917
BOREYA (BARNIA),1167,535
BOREYA (BARNIA),1164,538
BOREYA (BARNIA),1166,530
BORO ANDULIA,1166,603
BORO ANDULIA,1167,608
BORO ANDULIA,1164,610
BORO ITNA,1164,636
BORO ITNA,1166,627
BORO ITNA,1167,632
BOROCHANDGHAR,1167,612
BOROCHANDGHAR,1166,608
BOROCHANDGHAR,1164,615
BORONALDA,1164,598
BORONALDA,1167,596
BORONALDA,1166,591
BORTOLI,1166,557.38
BORTOLI,1164,597.26
BORTOLI,1167,572.54
BOYRA (HELANCHA),1164,850
BOYRA (HELANCHA),1166,844
BOYRA (HELANCHA),1167,849
BRLERHALT STATION,1166,664
BRLERHALT STATION,1164,671
BRLERHALT STATION,1167,669
BUDBUD,1164,704
BUJUNG,1167,364
BUJUNG,1166,359
BUJUNG,1164,368
BULBULITALA,1164,764
BUNIYADPUR,1167,627
BUNIYADPUR,1166,622
BUNIYADPUR,1164,631
BURDWAN,1164,674
BURDWAN-DEWANDIGHI,1164,692
BUROSIBTALA,1164,856
BURWAN,1167,399
BURWAN,1166,394
BURWAN,1164,403
CHAITANYAPUR,1164,971
CHAITPUR,1164,441
CHAITPUR,1167,438
CHAITPUR,1166,433
CHAKBIHARI,1167,562
CHAKBIHARI,1164,565
CHAKBIHARI,1166,557
CHAKDAH,1164,795
CHAKDAH,1166,788
CHAKDAH,1167,793
CHAKDIGHI,1164,825
CHAKPARA,1164,463
CHAKPARA,1166,455
CHAKPARA,1167,459
CHAMAGRAM,1166,495
CHAMAGRAM,1164,503
CHAMAGRAM,1167,500
CHAMTIBAGAN,1167,333
CHAMTIBAGAN,1164,337
CHAMTIBAGAN,1166,328
CHANAK,1164,274
CHANAK,1166,264
CHANAK,1167,269
CHANCHOL,1166,728
CHANCHOL,1164,739
CHANCHOL,1167,733
CHANDANNAGAR,1164,805
CHANDAR MORE,1167,348
CHANDAR MORE,1166,344
CHANDAR MORE,1164,352
CHANDERGHAT,1166,702
CHANDERGHAT,1167,707
CHANDERGHAT,1164,709
CHANDNI CHAK,1164,220
CHANDNI CHAK,1167,218
CHANDNI CHAK,1166,216
CHANDPARA,1164,802
CHANDPUR,1166,629
CHANDPUR,1167,634
CHANDPUR,1164,638
CHANDRAPUR,1164,704
CHAPRA,1166,779
CHAPRA,1164,786
CHAPRA,1167,784
CHARMAJDIA,1167,808
CHARMAJDIA,1166,803
CHARMAJDIA,1164,810
CHATNA,1164,805
CHATRA,1166,360
CHATRA,1167,365
CHATRA,1164,369
CHHAPGHATI,1164,265
CHHAPGHATI,1167,260
CHHAPGHATI,1166,255
CHINPAI,1167,593
CHINPAI,1166,588
CHINPAI,1164,595
CHIRIAMORE,1164,891
CHITTARANJAN,1164,804
CHOA,1164,482
CHOA,1167,479
CHOA,1166,474
CHOPRA,1167,1043
CHOPRA,1164,1043
CHOPRA,1166,1038
CHOTO ITNA,1167,603
CHOTO ITNA,1166,598
CHOTO ITNA,1164,605
CHOTOTURIGRAM,1164,463
CHOTOTURIGRAM,1166,455
CHOTOTURIGRAM,1167,459
CHOWHATTA,1166,534
CHOWHATTA,1167,539
CHOWHATTA,1164,542
CHOWRIGACHA,1164,464
CHOWRIGACHA,1166,456
CHOWRIGACHA,1167,460
CHUAPUR,1164,363
CHUAPUR,1166,354
CHUAPUR,1167,359
COOPERS CAMP,1167,768
COOPERS CAMP,1164,770
COOPERS CAMP,1166,764
CHAKULIA,1167,909
CHAKULIA,1166,904
CHAKULIA,1164,909
CHOWTARA,1164,802
CHALKI,1164,850
CHALKI,1167,849
CHALKI,1166,844
CHAPABERIA,1164,878
CHAPABERIA,1167,877
CHAPABERIA,1166,872
CHITRASALI,1167,669
CHITRASALI,1166,664
CHITRASALI,1164,671
CHANDPARA (SNT),1167,371
CHANDPARA (SNT),1166,366
CHANDPARA (SNT),1164,375
CHANDRA,1167,717
CHANDRA,1164,719
CHANDRA,1166,712
CHAR MOKTAPPUR,1167,574
CHAR MOKTAPPUR,1164,576
CHAR MOKTAPPUR,1166,569
CHUPIPOTA,1164,595
CHUPIPOTA,1166,588
CHUPIPOTA,1167,593
CHAK BAHADURPUR,1164,494
CHAK BAHADURPUR,1167,491
CHAK BAHADURPUR,1166,486
DADPUR,1166,817
DADPUR,1164,824
DADPUR,1167,822
DAHAPARA,1167,331
DAHAPARA,1164,335
DAHAPARA,1166,326
DAKBANGLA,1167,437
DAKBANGLA,1166,432
DAKBANGLA,1164,440
DAKSHINGRAM,1166,425
DAKSHINGRAM,1164,433
DAKSHINGRAM,1167,430
DAKSHINKANDA,1166,524
DAKSHINKANDA,1167,529
DAKSHINKANDA,1164,532
DAKSHINPARA,1166,664
DAKSHINPARA,1164,671
DAKSHINPARA,1167,669
DANGAL,1164,801
DARERMATH,1164,538
DARERMATH,1166,530
DARERMATH,1167,535
DASGHARA,1164,800
DASKALGRAM,1167,593
DASKALGRAM,1166,588
DASKALGRAM,1164,595
DASNAGAR,1164,878
DATINA,1166,639
DATINA,1164,647
DATINA,1167,644
DAULATPUR,1166,688
DAULATPUR,1164,695
DAULATPUR,1167,693
DAYERBAZAR,1164,709
DAYERBAZAR,1166,702
DAYERBAZAR,1167,707
DEBAGRAM,1164,615
DEBAGRAM,1167,612
DEBAGRAM,1166,608
DEBAIPUR,1164,394
DEBAIPUR,1166,378
DEBAIPUR,1167,388
DEBIPUR,1166,756
DEBIPUR,1167,761
DEBIPUR,1164,762
DEBIPUR (NASHIPUR),1166,448
DEBIPUR (NASHIPUR),1164,456
DEBIPUR (NASHIPUR),1167,453
DEBOGRAM,1164,467
DEBOGRAM,1167,463
DEBOGRAM,1166,459
DEBRA,1164,951
DEOUCHA,1164,526
DEOUCHA,1167,523
DEOUCHA,1166,518
DESHALPUR,1164,629
DESHALPUR,1167,625
DESHALPUR,1166,620
DESHRA,1164,805
DEULTI,1164,950
DEWANSARAI,1166,281
DEWANSARAI,1167,286
DEWANSARAI,1164,291
DHAMAKHALI,1164,955
DHANANJOYPUR,1164,615
DHANANJOYPUR,1167,612
DHANANJOYPUR,1166,608
DHANIKALI,1164,785
DHANIRAMPUR,1164,579
DHANIRAMPUR,1166,572
DHANIRAMPUR,1167,577
DHANTALA,1167,793
DHANTALA,1166,788
DHANTALA,1164,795
DHARAMPUR,1164,377
DHARAMPUR,1166,369
DHARAMPUR,1167,374
DHARAMPUR-MLD,1166,530
DHARAMPUR-MLD,1167,535
DHARAMPUR-MLD,1164,538
DHARMADA,1166,702
DHARMADA,1167,707
DHARMADA,1164,709
DHARMADANGA,1164,474
DHARMADANGA,1166,466
DHARMADANGA,1167,471
DHATRIGRAM,1164,723
DHUBULIA,1166,602
DHUBULIA,1167,607
DHUBULIA,1164,609
DHULIAN,1164,371
DHULIAN,1166,362
DHULIAN,1167,367
DIGHALGRAM,1166,758
DIGHALGRAM,1167,763
DIGHALGRAM,1164,764
DIGNAGAR,1164,709
DIGNAGAR,1167,707
DIGNAGAR,1166,702
DIHA,1164,337
DIHA,1166,328
DIHA,1167,333
DOBAPARA,1167,519
DOBAPARA,1164,523
DOBAPARA,1166,514
DOHALIA,1167,459
DOHALIA,1166,455
DOHALIA,1164,463
DOMKOL,1166,513
DOMKOL,1164,522
DOMKOL,1167,518
DOSTIPUR,1164,861
DOULATABAD,1166,444
DOULATABAD,1164,452
DOULATABAD,1167,449
DUBRAJPUR,1164,578
DUBRAJPUR,1166,571
DUBRAJPUR,1167,576
DUNIGRAM,1167,459
DUNIGRAM,1164,463
DUNIGRAM,1166,455
DURGA CHOWK,1164,971
DURGAPUR-ITAHAR,1167,733
DURGAPUR-ITAHAR,1166,728
DURGAPUR-ITAHAR,1164,735
DURGAPUR-MLD,1166,646
DURGAPUR-MLD,1164,654
DURGAPUR-MLD,1167,651
DUTTAFULIA,1166,724
DUTTAFULIA,1164,731
DUTTAFULIA,1167,729
DALKHOLA,1164,919
DALKHOLA,1167,914
DALKHOLA,1166,910
DASPARA,1166,1087
DASPARA,1164,1094
DASPARA,1167,1092
DEBIGANJ,1164,910
DEBIGANJ,1166,904
DEBIGANJ,1167,909
DHANTOLA,1166,924
DHANTOLA,1164,931
DHANTOLA,1167,929
DHARAMPUR (UD),1166,955
DHARAMPUR (UD),1167,960
DHARAMPUR (UD),1164,966
DOMOHNA,1167,834
DOMOHNA,1164,836
DOMOHNA,1166,829
DEONAPUR,1167,480
DEONAPUR,1164,485
DEONAPUR,1166,475
DEBNATHPUR (TEHATTA),1164,709
DEBNATHPUR (TEHATTA),1166,702
DEBNATHPUR (TEHATTA),1167,707
DEBOGRAM (SNT),1166,588
DEBOGRAM (SNT),1167,593
DEBOGRAM (SNT),1164,595
DEVIPUR,1164,704
DURGAPUR (NADIA),1167,707
DURGAPUR (NADIA),1164,709
DURGAPUR (NADIA),1166,702
DHOLARHAT,1164,983
DAKGHAR,1164,926
DARALHAT,1167,765
DARALHAT,1166,760
DARALHAT,1164,766
DHOLIGAON,1164,1073
DHOLIGAON,1167,1072
DHOLIGAON,1166,1068
DWARIN,1167,739
DWARIN,1164,742
DWARIN,1166,734
DEBIPUR (MLD),1167,608
DEBIPUR (MLD),1166,603
DEBIPUR (MLD),1164,610
DHANSIMLA,1164,788
DURGAJAL,1164,764
DEBSALA,1164,764
DHORADAHA,1166,585
DHORADAHA,1167,590
DHORADAHA,1164,592
DOGACHHI,1167,574
DOGACHHI,1166,569
DOGACHHI,1164,576
DEBI PARULIA,1166,443
DEBI PARULIA,1164,451
DEBI PARULIA,1167,448
DHULAURI (LALGOLA),1164,353
DHULAURI (LALGOLA),1167,348
DHULAURI (LALGOLA),1166,343
ENGLISH BAZAR,1166,648
ENGLISH BAZAR,1164,658
ENGLISH BAZAR,1167,653
ERULI,1164,832
ERULI,1166,825
ERULI,1167,830
EKLAXMI,1164,807
FARAKKA,1167,447
FARAKKA,1166,442
FARAKKA,1164,452
FARAKKA / BALLALPUR,1166,392
FARAKKA / BALLALPUR,1167,397
FARAKKA / BALLALPUR,1164,401
FARIDPUR,1164,591
FATELLAPUR,1166,394
FATELLAPUR,1164,403
FATELLAPUR,1167,399
FULIA,1167,707
FULIA,1166,702
FULIA,1164,709
FULIDANGA,1164,526
FULIDANGA,1167,523
FULIDANGA,1166,518
FULKUSHMA,1164,951
FUTISANKO,1166,520
FUTISANKO,1167,525
FUTISANKO,1164,528
FULBARI (MLD),1166,792
FULBARI (MLD),1167,797
FULBARI (MLD),1164,799
FAZILNAGAR,1164,577
FAZILNAGAR,1166,570
FAZILNAGAR,1167,575
FATEPUR - MALDA,1164,657
FATEPUR - MALDA,1167,652
FATEPUR - MALDA,1166,645
GACHHABAZAR,1164,671
GACHHABAZAR,1166,664
GACHHABAZAR,1167,669
GADADHARPUR,1164,463
GAGANPUR,1167,328
GAGANPUR,1166,325
GAGANPUR,1164,332
GAIGHATA,1164,864
GAJDHARPARA,1166,354
GAJDHARPARA,1167,359
GAJDHARPARA,1164,363
GALIGRAM,1164,605
GALSI,1164,723
GALSI-2,1164,682
GANDAL,1164,820
GANDAL,1167,818
GANDAL,1166,813
GANGAPRASAD COLONY,1164,681
GANGAPRASAD COLONY,1166,667
GANGAPRASAD COLONY,1167,674
GANGARAMPUR,1166,698
GANGARAMPUR,1164,705
GANGARAMPUR,1167,703
GANNAPUR,1164,767
GANNAPUR,1166,761
GANNAPUR,1167,765
GANPUR,1167,462
GANPUR,1166,458
GANPUR,1164,466
GARAIMARI,1164,421
GARAIMARI,1166,413
GARAIMARI,1167,418
GAYESHPUR,1164,820
GAZNA (BAGULA),1164,773
GAZNA (BAGULA),1166,766
GAZNA (BAGULA),1167,771
GAZOLE,1166,622
GAZOLE,1164,631
GAZOLE,1167,627
GEDE,1164,849
GEDE,1166,842
GEDE,1167,847
GEOKHALI,1164,971
GERUPAHARI,1167,639
GERUPAHARI,1166,634
GERUPAHARI,1164,642
GHEEDAHA,1166,575
GHEEDAHA,1167,580
GHEEDAHA,1164,582
GHORAIPARA,1164,449
GHORAIPARA,1166,441
GHORAIPARA,1167,446
GHURISHA,1167,693
GHURISHA,1164,695
GHURISHA,1166,688
GHURNI,1166,702
GHURNI,1167,707
GHURNI,1164,709
GHUTIARY SHARIFF,1164,1009
GOAS,1164,482
GOAS,1166,474
GOAS,1167,479
GOBINDAPUR,1166,702
GOBINDAPUR,1164,709
GOBINDAPUR,1167,707
GOBRAHAT,1166,672
GOBRAHAT,1167,677
GOBRAHAT,1164,679
GOBRAPOTA,1164,671
GOBRAPOTA,1167,669
GOBRAPOTA,1166,664
GODHANPARA,1166,477
GODHANPARA,1164,485
GODHANPARA,1167,482
GOGHAT,1164,785
GOGHATA,1167,418
GOGHATA,1164,421
GOGHATA,1166,413
GOKARNA,1166,439
GOKARNA,1164,447
GOKARNA,1167,444
GOPALPOKHOR,1166,949
GOPALPOKHOR,1167,954
GOPALPOKHOR,1164,959
GOPALPUR,1167,459
GOPALPUR,1164,463
GOPALPUR,1166,455
GOPALPUR(MLD),1167,585
GOPALPUR(MLD),1166,580
GOPALPUR(MLD),1164,587
GOPGRAM,1164,205
GOPGRAM,1167,201
GOPGRAM,1166,194
GOPI NAGAR,1164,763
GOPINATHPUR (GOAS),1164,519
GOPINATHPUR (GOAS),1166,510
GOPINATHPUR (GOAS),1167,515
GORBETA,1164,951
GORERGHAT,1164,801
GOURA,1164,891
GUPTI PARA,1164,686
GUSKARA,1164,704
GOAGAON,1167,799
GOAGAON,1164,801
GOAGAON,1166,794
GUNJERIA BAZAR,1166,842
GUNJERIA BAZAR,1164,849
GUNJERIA BAZAR,1167,847
GANGAPRASAD,1166,544
GANGAPRASAD,1164,552
GANGAPRASAD,1167,549
GURAP,1164,763
GARAGACHHI,1164,659
GANGPUR,1164,704
GERAPOTA(KALAMBAGAN),1164,759
GERAPOTA(KALAMBAGAN),1167,758
GERAPOTA(KALAMBAGAN),1166,753
GHOSHPUR,1164,818
GOCHARAN,1164,982
GOLABARI (COSRE),1164,819
GOPALNAGAR,1166,757
GOPALNAGAR,1164,763
GOPALNAGAR,1167,762
GOTAN,1164,793
GOURHATI,1164,834
GALIMPUR,1167,622
GALIMPUR,1166,617
GALIMPUR,1164,626
GUPINPUR,1164,704
GATRA,1166,719
GATRA,1164,726
GATRA,1167,724
GOAS (NADIA),1166,463
GOAS (NADIA),1164,472
GOAS (NADIA),1167,468
GOPALPUR GHAT,1166,598
GOPALPUR GHAT,1164,605
GOPALPUR GHAT,1167,603
GOLAPGANJ (K-CHAK),1164,518
GOLAPGANJ (K-CHAK),1166,507
GOLAPGANJ (K-CHAK),1167,512
GOBINDAPUR (HARIHAR),1164,515
HABIBPUR,1164,636
HABIBPUR,1167,632
HABIBPUR,1166,627
HABRA,1164,802
HAKIMPUR,1164,819
HALALPUR,1167,808
HALALPUR,1164,810
HALALPUR,1166,803
HALDIA,1164,971
HANSADANGA,1167,669
HANSADANGA,1166,664
HANSADANGA,1164,671
HANSKHALI,1164,709
HANSKHALI,1166,702
HANSKHALI,1167,707
HANSPUKUR,1166,608
HANSPUKUR,1167,612
HANSPUKUR,1164,615
HANSRA,1166,637
HANSRA,1164,645
HANSRA,1167,642
HARALA,1164,914
HARIDASPUR(BOL),1167,374
HARIDASPUR(BOL),1166,369
HARIDASPUR(BOL),1164,377
HARIHARPARA,1164,477
HARIHARPARA,1166,469
HARIHARPARA,1167,474
HARINGHATA,1167,808
HARINGHATA,1166,803
HARINGHATA,1164,810
HARIPAL,1164,819
HARIPUR,1167,681
HARIPUR,1166,676
HARIPUR,1164,683
HARIRAMPUR (MLD),1166,703
HARIRAMPUR (MLD),1167,708
HARIRAMPUR (MLD),1164,710
HARISHCHANDRAPUR,1166,786
HARISHCHANDRAPUR,1167,791
HARISHCHANDRAPUR,1164,796
HARISHPUR,1167,539
HARISHPUR,1166,534
HARISHPUR,1164,542
HARMASRA,1164,850
HASANPUR,1166,103
HASANPUR,1164,85
HASANPUR,1167,104
HATIA,1166,534
HATIA,1167,539
HATIA,1164,542
HATISHALA (SONPUKUR),1167,707
HATISHALA (SONPUKUR),1164,709
HATISHALA (SONPUKUR),1166,702
HATSERANDI,1167,644
HATSERANDI,1164,647
HATSERANDI,1166,639
HAZIGARH,1164,787
HAZRATPUR,1166,630
HAZRATPUR,1167,635
HAZRATPUR,1164,639
HELANCHA,1164,787
HELANCHA,1166,780
HELANCHA,1167,785
HEMATPUR,1164,709
HEMATPUR,1167,707
HEMATPUR,1166,702
HEMTABAD,1164,810
HEMTABAD,1167,805
HEMTABAD,1166,800
HERAMPUR,1167,479
HERAMPUR,1166,474
HERAMPUR,1164,482
HETAMPUR,1164,647
HETAMPUR,1166,639
HETAMPUR,1167,644
HILLI,1166,877
HILLI,1167,882
HILLI,1164,887
HIND MOTOR,1164,858
HIRAPUR,1164,820
HOGOLBERIA,1166,603
HOGOLBERIA,1167,608
HOGOLBERIA,1164,610
HUKOHARA,1166,510
HUKOHARA,1167,515
HUKOHARA,1164,519
HURA,1164,850
HATGOBINDAPUR,1164,723
HAZIPUR (BWN),1164,795
HEROBHANGA,1164,938
HABIBPUR (KNJ),1167,729
HABIBPUR (KNJ),1164,731
HABIBPUR (KNJ),1166,724
HALDIPARA,1164,773
HALDIPARA,1167,771
HALDIPARA,1166,766
HEMATPUR (BURD),1164,779
HRIDAYPUR,1164,810
HRIDAYPUR,1166,803
HRIDAYPUR,1167,808
HAPTIA GACHH,1166,1087
HAPTIA GACHH,1167,1092
HAPTIA GACHH,1164,1094
HIJAL,1166,450
HIJAL,1167,455
HIJAL,1164,458
ICHHAPUR,1166,702
ICHHAPUR,1167,707
ICHHAPUR,1164,709
IDRAKPUR,1164,377
IDRAKPUR,1166,369
IDRAKPUR,1167,374
ILAMBAZAR,1166,588
ILAMBAZAR,1167,593
ILAMBAZAR,1164,595
INDA,1164,951
INDRE,1164,542
INDRE,1166,534
INDRE,1167,539
ISLAMPORE,1164,477
ISLAMPORE,1167,474
ISLAMPORE,1166,469
ISLAMPUR,1167,1021
ISLAMPUR,1164,1026
ISLAMPUR,1166,1016
ITAGORIA,1164,542
ITAGORIA,1166,534
ITAGORIA,1167,539
ITAHAR,1167,794
ITAHAR,1166,789
ITAHAR,1164,798
JAGULIA,1166,702
JAGULIA,1164,709
JAGULIA,1167,707
JAIPUR,1164,916
JAJIGRAM,1164,605
JAJIGRAM(SNT),1164,377
JAJIGRAM(SNT),1167,374
JAJIGRAM(SNT),1166,369
JALANGI,1167,558
JALANGI,1166,553
JALANGI,1164,561
JAMALPUR,1164,786
JAMBANI,1164,981
JAMNA,1164,442
JANGIPARA,1164,819
JANGIPUR,1164,200
JANGIPUR,1167,200
JANGIPUR,1166,196
JASORA(K),1164,914
JATRAPUR,1164,671
JATRAPUR,1166,664
JATRAPUR,1167,669
JEMO KANDI,1164,441
JEMO KANDI,1166,433
JEMO KANDI,1167,438
JHALDA,1164,972
JHALDA-2,1164,938
JHILLI,1164,463
JHILLI,1166,455
JHILLI,1167,459
JIAGANJ,1164,435
JIAGANJ,1167,432
JIAGANJ,1166,427
JIBANTI,1167,395
JIBANTI,1164,399
JIBANTI,1166,390
JINJIRA BAZAR,1164,861
JOUGRAM,1164,807
JOYDEB,1164,639
JOYDEB,1166,630
JOYDEB,1167,635
JOYDEB MORE,1166,630
JOYDEB MORE,1167,635
JOYDEB MORE,1164,639
JOYDEV,1166,645
JOYDEV,1167,650
JOYDEV,1164,653
JOYGHATA,1166,844
JOYGHATA,1164,850
JOYGHATA,1167,849
JOYPUR,1164,819
JUNPUT,1164,994
JURANPUR,1166,550
JURANPUR,1164,558
JURANPUR,1167,555
JANTA HAT,1164,816
JANTA HAT,1166,809
JANTA HAT,1167,814
JHILJHILI,1164,886
JHILJHILI,1167,885
JHILJHILI,1166,880
JHITKA,1166,968
JHITKA,1164,975
JHITKA,1167,973
JIRAT,1164,763
JALALKHALI,1167,707
JALALKHALI,1166,702
JALALKHALI,1164,709
JAMTALA HAT,1164,970
JATSIRAM,1164,807
JHIKRA,1166,844
JHIKRA,1164,850
JHIKRA,1167,849
JOYRAMPUR (NADIA),1164,615
JOYRAMPUR (NADIA),1167,612
JOYRAMPUR (NADIA),1166,608
JOYPUR (MSD),1166,379
JOYPUR (MSD),1167,384
JOYPUR (MSD),1164,387
KABILPUR,1164,200
KABILPUR,1167,200
KABILPUR,1166,196
KABLEY,1164,802
KACHUJORE,1166,588
KACHUJORE,1167,593
KACHUJORE,1164,595
KAIKHALI,1164,819
KAKGRAM,1166,534
KAKGRAM,1167,539
KAKGRAM,1164,542
KALAMBAGAN,1167,849
KALAMBAGAN,1164,850
KALAMBAGAN,1166,844
KALESWAR,1167,525
KALESWAR,1164,528
KALESWAR,1166,520
KALIACHAK,1164,511
KALIACHAK,1166,500
KALIACHAK,1167,505
KALIAGANJ,1166,839
KALIAGANJ,1167,844
KALIAGANJ,1164,850
KALIGANJ,1167,560
KALIGANJ,1166,555
KALIGANJ,1164,563
KALINAGAR,1164,951
KALIPUR,1164,785
KALITALA,1167,479
KALITALA,1164,482
KALITALA,1166,474
KALITHA,1166,328
KALITHA,1167,333
KALITHA,1164,337
KALNA,1164,723
KALNA GATE,1164,683
KALNA-2,1164,762
KALUADIGHI,1166,580
KALUADIGHI,1167,585
KALUADIGHI,1164,587
KALYANESWARI,1164,769
KALYANPUR,1167,643
KALYANPUR,1164,646
KALYANPUR,1166,638
KAMAR PARA,1164,659
KAMARHATI,1164,891
KAMARPUKUR,1164,802
KAMRAGHAT,1167,459
KAMRAGHAT,1164,463
KAMRAGHAT,1166,455
KANAKPUR,1164,399
KANAKPUR,1167,395
KANAKPUR,1166,390
KANDI,1167,424
KANDI,1166,419
KANDI,1164,427
KANDRA - BIRB,1164,595
KANDRA - BIRB,1166,588
KANDRA - BIRB,1167,593
KANDRA - BURD,1164,556
KANDRADANGAL,1167,546
KANDRADANGAL,1164,549
KANDRADANGAL,1166,541
KANKARDANGA,1164,764
KANKARTALA,1164,540
KANKSA - 1,1164,764
KANTAGORIA,1164,779
KANTAGORIA,1167,777
KANTAGORIA,1166,772
KANTHALIA,1167,612
KANTHALIA,1166,608
KANTHALIA,1164,615
KANTHALPULI (CHAKDAH,1166,731
KANTHALPULI (CHAKDAH,1167,736
KANTHALPULI (CHAKDAH,1164,739
KAPASDANGA,1167,525
KAPASDANGA,1164,528
KAPASDANGA,1166,520
KARALAGHAT,1164,723
KARANDIGHI,1166,868
KARANDIGHI,1167,873
KARANDIGHI,1164,878
KARIDHYA,1167,525
KARIDHYA,1166,520
KARIDHYA,1164,528
KARIMPOR-2,1164,642
KARIMPOR-2,1167,639
KARIMPOR-2,1166,634
KARIMPUR,1164,598
KARIMPUR,1166,591
KARIMPUR,1167,596
KARNAJORA,1167,850
KARNAJORA,1166,845
KARNAJORA,1164,852
KASIMBAZAR,1167,497
KASIMBAZAR,1166,492
KASIMBAZAR,1164,502
KASTADANGA,1166,817
KASTADANGA,1164,824
KASTADANGA,1167,822
KASTHAGORA,1164,463
KASTHAGORA,1166,455
KASTHAGORA,1167,459
KATAGOBRA,1166,533
KATAGOBRA,1164,541
KATAGOBRA,1167,538
KATLAMARI,1167,554
KATLAMARI,1164,557
KATLAMARI,1166,549
KATWA,1164,605
KATWA-2,1164,563
KAZIPARA,1167,593
KAZIPARA,1166,588
KAZIPARA,1164,595
KECHEDANGA,1164,671
KECHEDANGA,1166,664
KECHEDANGA,1167,669
KENJAKURA,1164,805
KESAMNAGAR,1164,704
KETUGRAM,1167,644
KETUGRAM,1166,639
KETUGRAM,1164,647
KARUI,1164,768
KHALBOALIA,1166,803
KHALBOALIA,1164,810
KHALBOALIA,1167,808
KHANADIHI,1164,981
KHANAKUL,1164,802
KHANPUR,1164,801
KADUA (MSD),1164,273
KADUA (MSD),1166,263
KADUA (MSD),1167,268
KHARAGPUR,1164,938
KHARGRAM,1164,403
KHARGRAM,1167,399
KHARGRAM,1166,394
KATA KOPTA,1167,452
KATA KOPTA,1166,447
KATA KOPTA,1164,455
KISMATGADI,1166,193
KISMATGADI,1167,195
KISMATGADI,1164,197
KHARIBARI,1164,819
KHEJURI,1164,971
KHOIRASOL,1167,667
KHOIRASOL,1166,662
KHOIRASOL,1164,669
KHOYRASOLE,1166,588
KHOYRASOLE,1164,595
KHOYRASOLE,1167,593
KHUJUTIPARA,1167,576
KHUJUTIPARA,1164,578
KHUJUTIPARA,1166,571
KIRNAHAR,1166,520
KIRNAHAR,1167,525
KIRNAHAR,1164,528
KOIKHALI,1164,731
KOIKHALI,1166,724
KOIKHALI,1167,729
KOL CENTRAL,1164,861
KOLAGHAT,1164,951
KOMTHANA,1167,877
KOMTHANA,1166,872
KOMTHANA,1164,878
KOPAI,1166,532
KOPAI,1164,540
KOPAI,1167,537
KOTASUR,1164,528
KOTASUR,1167,525
KOTASUR,1166,520
KOTULPUR,1164,805
KRISHNAGANJ,1167,729
KRISHNAGANJ,1166,724
KRISHNAGANJ,1164,731
KRISHNANAGAR,1164,654
KRISHNANAGAR,1166,646
KRISHNANAGAR,1167,651
KRISHNAPUR,1164,855
KULGACHI,1166,702
KULGACHI,1164,709
KULGACHI,1167,707
KULGACHI (PLASSEY PA,1164,566
KULGACHI (PLASSEY PA,1166,558
KULGACHI (PLASSEY PA,1167,563
KULI,1166,432
KULI,1164,440
KULI,1167,437
KUMARGANJ,1167,795
KUMARGANJ,1166,787
KUMARGANJ,1164,799
KUMRADAHA GHAT,1164,403
KUMRADAHA GHAT,1166,394
KUMRADAHA GHAT,1167,399
KUMRI MATHPARA(KARIM,1164,629
KUMRI MATHPARA(KARIM,1166,620
KUMRI MATHPARA(KARIM,1167,625
KUMRUL,1164,848
KUNTIGHAT,1164,864
KUNUTIA,1164,463
KURMITHA,1166,588
KURMITHA,1167,593
KURMITHA,1164,595
KURUNNAHAR,1164,528
KURUNNAHAR,1166,520
KURUNNAHAR,1167,525
KUSHMANDI,1167,738
KUSHMANDI,1164,744
KUSHMANDI,1166,731
KUSUMGACHI,1164,528
KUSUMGACHI,1167,525
KUSUMGACHI,1166,520
KUSUMGRAM,1164,704
KETUGRAM - II,1164,635
KACHAKALI,1167,1114
KACHAKALI,1166,1109
KACHAKALI,1164,1115
KANKI,1167,954
KANKI,1164,955
KANKI,1166,949
KALYANI (COS),1164,841
KANUA,1167,662
KANUA,1166,657
KANUA,1164,664
KARIALI,1164,664
KARIALI,1166,657
KARIALI,1167,662
KOTSHILA,1164,951
KUSHIDA,1167,739
KUSHIDA,1164,742
KUSHIDA,1166,734
KHANDAGHOSH,1164,723
KHANYAN,1164,802
KALINARAYANPUR,1166,724
KALINARAYANPUR,1167,729
KALINARAYANPUR,1164,731
KHIRGRAM,1164,659
KURMUN,1164,704
KUTIRPARA,1166,664
KUTIRPARA,1164,671
KUTIRPARA,1167,669
KUSTHAL,1164,850
KUMEDPUR,1166,776
KUMEDPUR,1167,781
KUMEDPUR,1164,786
KALINAGAR HAT,1167,500
KALINAGAR HAT,1166,495
KALINAGAR HAT,1164,503
KONIARA,1167,849
KONIARA,1164,850
KONIARA,1166,844
KALIGRAM,1164,704
KAMARKITA,1164,848
LABPUR,1167,525
LABPUR,1166,520
LABPUR,1164,528
LAKHIPUR,1166,638
LAKHIPUR,1167,643
LAKHIPUR,1164,646
LAKURDI KATRAPOTA,1164,704
LALBAG,1167,475
LALBAG,1164,478
LALBAG,1166,470
LALGOLA,1166,328
LALGOLA,1167,333
LALGOLA,1164,337
LANGALHATA,1164,492
LANGALHATA,1167,489
LANGALHATA,1166,484
LASKAR HAT,1167,696
LASKAR HAT,1164,698
LASKAR HAT,1166,691
LAXMINARAYANPUR(NAT),1167,622
LAXMINARAYANPUR(NAT),1164,626
LAXMINARAYANPUR(NAT),1166,617
LOBONCHUAN,1167,352
LOBONCHUAN,1164,356
LOBONCHUAN,1166,347
LOCHANPUR,1166,528
LOCHANPUR,1164,536
LOCHANPUR,1167,533
LOHAPUR,1166,279
LOHAPUR,1167,282
LOHAPUR,1164,286
LOKEPARA,1167,482
LOKEPARA,1166,477
LOKEPARA,1164,485
LOKEPUR,1164,542
LOKEPUR,1167,539
LOKEPUR,1166,534
LALKUDI,1164,845
LALKUDI,1166,838
LALKUDI,1167,843
LODHAN,1166,870
LODHAN,1164,876
LODHAN,1167,875
LAXMIGACHA,1164,773
LAXMIGACHA,1167,771
LAXMIGACHA,1166,766
LAXMIPUR (BURD),1164,704
LEATHER COMPLEX,1164,884
LOHAGARA,1164,786
LOHAGARA,1166,779
LOHAGARA,1167,784
LAKHURIA,1164,723
LOHASA,1167,612
LOHASA,1164,615
LOHASA,1166,608
LAKSHMIGHAT,1166,605
LAKSHMIGHAT,1167,609
LAKSHMIGHAT,1164,614
MADANPUR,1164,816
MADHABPORE,1164,820
MADHABPUR,1164,810
MADHABPUR,1166,803
MADHABPUR,1167,808
MADHAKHALI,1164,984
MADPUR,1164,950
MAHARAJNAGAR,1164,557
MAHARAJNAGAR,1166,549
MAHARAJNAGAR,1167,554
MAHESHGANJ,1164,671
MAHESHGANJ,1166,664
MAHESHGANJ,1167,669
MAHESPUR,1167,374
MAHESPUR,1166,369
MAHESPUR,1164,377
MAHISAL,1167,352
MAHISAL,1166,347
MAHISAL,1164,356
MAHISBATHAN,1167,614
MAHISBATHAN,1164,617
MAHISBATHAN,1166,610
MAJDIA,1167,721
MAJDIA,1166,716
MAJDIA,1164,723
MAJHERGRAM(BETHUA),1164,626
MAJHERGRAM(BETHUA),1166,618
MAJHERGRAM(BETHUA),1167,623
MAJHERGRAM(CHAKDAH),1164,850
MAJIGRAM,1164,602
MAJIGRAM,1167,600
MAJIGRAM,1166,595
MALANCHA,1164,951
MALDA,1164,568
MALDA,1167,563
MALDA,1166,558
MALDANGA,1164,704
MALIAPOTA,1167,808
MALIAPOTA,1164,810
MALIAPOTA,1166,803
MALIARA,1164,764
MALIHATI,1166,945
MALIHATI,1164,951
MALIHATI,1167,950
MALON,1164,814
MALON,1166,804
MALON,1167,809
MAMJOYAN GHAT,1167,771
MAMJOYAN GHAT,1166,766
MAMJOYAN GHAT,1164,773
MANDIR BAZAR,1164,983
MANIKCHAK,1167,659
MANIKCHAK,1166,654
MANIKCHAK,1164,664
MANIKPARA,1164,951
MANKAR,1164,723
MARATALA,1164,950
MARGRAM,1167,422
MARGRAM,1166,417
MARGRAM,1164,425
MASAGRAM,1164,764
MASLANDPUR,1164,824
MATCHPOTA,1166,536
MATCHPOTA,1167,541
MATCHPOTA,1164,544
MATH CHANDIPUR,1164,971
MATHURAP-1,1164,924
MATHURAP-2,1164,924
MATIARY,1167,535
MATIARY,1164,538
MATIARY,1166,530
MATIKUNDA,1167,893
MATIKUNDA,1164,894
MATIKUNDA,1166,888
MAYAPUR,1166,646
MAYAPUR,1164,654
MAYAPUR,1167,651
MAYURESWAR,1164,528
MAYURESWAR,1166,520
MAYURESWAR,1167,525
MAYURHAT,1167,808
MAYURHAT,1166,803
MAYURHAT,1164,810
MD. BAZAR,1167,539
MD. BAZAR,1164,542
MD. BAZAR,1166,534
MECHEDA,1164,951
MEJHIARY,1164,704
MEMARI,1164,764
MIDNAPORE,1164,941
MILKI (MONIGRAM),1166,196
MILKI (MONIGRAM),1167,200
MILKI (MONIGRAM),1164,200
MIRAPOTA,1164,764
MIRHAT,1164,807
MIRJAPUR,1164,192
MIRJAPUR,1167,190
MIRJAPUR,1166,188
MITRAPUR,1164,337
MITRAPUR,1166,328
MITRAPUR,1167,333
MODHPUR,1164,764
MOHISHILA COLONY,1164,762
MOHURAPUR,1164,463
MOHURAPUR,1166,455
MOHURAPUR,1167,459
MOLLARPUR,1164,445
MOLLARPUR,1166,437
MOLLARPUR,1167,442
MONGALKOT,1164,704
MONIGRAM,1167,190
MONIGRAM,1164,192
MONIGRAM,1166,188
MONTESWAR,1164,704
MOREGRAM,1166,217
MOREGRAM,1164,220
MOREGRAM,1167,219
MOUGRAM,1166,534
MOUGRAM,1167,539
MOUGRAM,1164,542
MOYNA,1164,973
MURAGACHHA,1164,562
MURAGACHHA,1167,559
MURAGACHHA,1166,554
MURALPUR,1167,593
MURALPUR,1166,588
MURALPUR,1164,595
MURARAI,1164,387
MURARAI,1167,384
MURARAI,1166,379
MURSHIDABAD,1167,371
MURSHIDABAD,1166,366
MURSHIDABAD,1164,375
MUTHADANGA,1164,802
MALATIPUR,1167,693
MALATIPUR,1166,688
MALATIPUR,1164,695
MOTHABARI,1167,544
MOTHABARI,1166,539
MOTHABARI,1164,549
MEHADIPUR,1167,286
MEHADIPUR,1164,291
MEHADIPUR,1166,281
MAJIGRAM (BURD),1164,549
MAKARDAH,1164,891
MATHKUMRA(RANAGHAT),1167,808
MATHKUMRA(RANAGHAT),1164,810
MATHKUMRA(RANAGHAT),1166,803
MATISWAR (DEBIPUR),1164,807
MONDALGRAM,1164,764
MUKUNDAPUR,1164,308
MURUTIA (NADIA),1166,608
MURUTIA (NADIA),1164,615
MURUTIA (NADIA),1167,612
MRITYUNJOYNAGAR,1164,949
MILAN MORE,1164,1040
MAHIPAL,1164,755
MAHIPAL,1167,754
MAHIPAL,1166,749
MAKAIYA,1167,618
MAKAIYA,1164,622
MAKAIYA,1166,613
MATHURAPUR (MLD),1164,627
MATHURAPUR (MLD),1166,616
MATHURAPUR (MLD),1167,621
MAYNA (MLD),1166,598
MAYNA (MLD),1164,605
MAYNA (MLD),1167,603
MEDIA,1164,850
MEDIA,1166,844
MEDIA,1167,849
MOKDUMPUR,1167,588
MOKDUMPUR,1166,583
MOKDUMPUR,1164,590
MAHADIPUR,1164,487.48
MAHADIPUR,1167,482.65
MAHADIPUR,1166,477.82
MAGURA,1164,638
MAGURA,1166,629
MAGURA,1167,634
MARSIT,1164,818
METAKONA,1164,647
METAKONA,1167,644
METAKONA,1166,639
MANGALBARI,1166,540
MANGALBARI,1164,550
MANGALBARI,1167,545
8 MILE,1166,585
8 MILE,1164,592
8 MILE,1167,590
MAMUDPUR (NADIA),1167,835
MAMUDPUR (NADIA),1166,830
MAMUDPUR (NADIA),1164,837
MJKUNDAPUR,1167,707
MJKUNDAPUR,1166,702
MJKUNDAPUR,1164,709
MAHALANDI (MSD),1166,379
MAHALANDI (MSD),1164,387
MAHALANDI (MSD),1167,384
14 MILE (MSD),1164,427
14 MILE (MSD),1166,419
14 MILE (MSD),1167,424
12 MILE (BINODPUR),1167,617
12 MILE (BINODPUR),1166,612
12 MILE (BINODPUR),1164,620
NABADWIP,1164,723
NABADWIP,1166,716
NABADWIP,1167,721
NABAGRAM,1167,331
NABAGRAM,1164,335
NABAGRAM,1166,326
NABGRAM,1166,362
NABGRAM,1164,369
NABGRAM,1167,366
NABIPUR,1166,544
NABIPUR,1167,549
NABIPUR,1164,552
NACHANSA,1166,639
NACHANSA,1164,647
NACHANSA,1167,644
NADANGHAT(MORE),1164,704
NAGADI,1164,615
NAGADI,1167,612
NAGADI,1166,608
NAGAR,1167,460
NAGAR,1166,456
NAGAR,1164,464
NAGARUKHRA,1167,750
NAGARUKHRA,1166,745
NAGARUKHRA,1164,753
NAGPUR CHEKPOST,1164,218
NAGPUR CHEKPOST,1167,217
NAGPUR CHEKPOST,1166,215
NAITI,1164,843
NAKASHIPARA,1164,533
NAKASHIPARA,1167,530
NAKASHIPARA,1166,525
NAKRAKONDA,1166,688
NAKRAKONDA,1167,693
NAKRAKONDA,1164,695
NALDUGRI,1167,849
NALDUGRI,1164,850
NALDUGRI,1166,844
NALHATI,1166,349
NALHATI,1164,358
NALHATI,1167,354
NANDAKUMAR,1164,960
NANDIGRAM,1164,984
NANUR,1166,520
NANUR,1164,528
NANUR,1167,525
NAPARA,1167,808
NAPARA,1164,810
NAPARA,1166,803
NARASINGHAPUR,1164,566
NARASINGHAPUR,1166,558
NARASINGHAPUR,1167,563
NARAYANPUR,1167,459
NARAYANPUR,1166,455
NARAYANPUR,1164,463
NARAYANPUR(NAZIRPUR),1167,463
NARAYANPUR(NAZIRPUR),1164,467
NARAYANPUR(NAZIRPUR),1166,459
NARGHAT,1164,971
NAROI,1166,712
NAROI,1164,719
NAROI,1167,717
NASIPUR,1167,459
NASIPUR,1166,455
NASIPUR,1164,463
NASRA,1166,724
NASRA,1164,731
NASRA,1167,729
NATIAL,1166,533
NATIAL,1167,538
NATIAL,1164,541
NATIDANGA,1167,669
NATIDANGA,1164,671
NATIDANGA,1166,664
NAYAGRAM,1164,943
NAZIRPUR(MLD),1167,605
NAZIRPUR(MLD),1164,609
NAZIRPUR(MLD),1166,600
NAZIRPUR(TEH),1166,644
NAZIRPUR(TEH),1167,649
NAZIRPUR(TEH),1164,652
NERADUEL,1164,858
NEW FARAKKA,1164,377
NEW FARAKKA,1166,369
NEW FARAKKA,1167,374
NIMTA,1164,819
NIMTALA,1166,844
NIMTALA,1164,850
NIMTALA,1167,849
NIMTALA (CHAKDAH),1164,704
NIMTALA (CHAKDAH),1166,697
NIMTALA (CHAKDAH),1167,702
NIMTOURI,1164,951
NISCHINTAPUR,1164,983
NISHCHINTAPUR,1164,452
NISHCHINTAPUR,1166,444
NISHCHINTAPUR,1167,449
"NOKARI, RANAGHAT",1164,713
"NOKARI, RANAGHAT",1167,711
"NOKARI, RANAGHAT",1166,706
"NOPARA, DHUBULIA",1166,664
"NOPARA, DHUBULIA",1167,669
"NOPARA, DHUBULIA",1164,671
NOWDA,1166,523
NOWDA,1164,531
NOWDA,1167,528
NUTANHAT,1164,503
NAYAHAT,1166,787
NAYAHAT,1167,792
NAYAHAT,1164,794
NATAGARH (HGLY),1164,902
NAKTALA,1164,861
NAZIRPUR (NDA),1166,463
NAZIRPUR (NDA),1164,472
NAZIRPUR (NDA),1167,468
NIBHUJIBAZAR,1164,723
NIGON,1164,704
NAHATA,1164,850
NAHATA,1167,849
NAHATA,1166,844
NATABERIA,1166,825
NATABERIA,1164,832
NATABERIA,1167,830
NALAGOLA,1164,701
NALAGOLA,1166,694
NALAGOLA,1167,699
NAWABGANJ,1167,585
NAWABGANJ,1164,587
NAWABGANJ,1166,580
NANDANPUR,1167,632
NANDANPUR,1164,636
NANDANPUR,1166,627
NATNA,1167,563
NATNA,1164,566
NATNA,1166,558
OMARPUR,1167,200
OMARPUR,1166,197
OMARPUR,1164,200
ONDA,1167,809
ONDA,1164,816
ORGRAM,1164,704
PAGLACHANDI,1166,463
PAGLACHANDI,1167,468
PAGLACHANDI,1164,472
PAIKAR,1164,362
PAIKAR,1167,358
PAIKAR,1166,353
PAIKPARA,1164,356
PAIKPARA,1167,352
PAIKPARA,1166,347
PAKUA HAT,1167,727
PAKUA HAT,1166,722
PAKUA HAT,1164,732
PALITA,1167,693
PALITA,1164,695
PALITA,1166,688
PALLARAAD,1164,723
PALPARA (CHAKDAH),1167,814
PALPARA (CHAKDAH),1164,816
PALPARA (CHAKDAH),1166,809
PALSANDA,1166,664
PALSANDA,1164,671
PALSANDA,1167,669
PALSIT,1164,723
PANCHAMI,1164,458
PANCHAMI,1167,455
PANCHAMI,1166,450
PANCHANANDAPUR,1164,570
PANCHANANDAPUR,1166,563
PANCHANANDAPUR,1167,568
PANCHGRAM,1167,358
PANCHGRAM,1164,362
PANCHGRAM,1166,353
PANCHRA,1167,644
PANCHRA,1164,647
PANCHRA,1166,639
PANCHTHUPI,1167,521
PANCHTHUPI,1166,516
PANCHTHUPI,1164,525
PANCHUNDI,1164,552
PANCHUNDI,1166,544
PANCHUNDI,1167,549
PANDIT PUR,1166,772
PANDIT PUR,1164,779
PANDIT PUR,1167,777
PANDITPUR,1167,219
PANDITPUR,1164,220
PANDITPUR,1166,217
PANDITPUR (KSHIADNG),1164,582
PANDITPUR (KSHIADNG),1167,580
PANDUA,1164,818
PANDUK,1164,659
PANRUI,1167,551
PANRUI,1164,554
PANRUI,1166,546
PANSKURA,1164,951
PARAMBUA,1164,829
PARK CIRCUS,1164,850
PARSUNDI,1167,430
PARSUNDI,1166,425
PARSUNDI,1164,433
PARULIA(BWN),1164,659
PATADANGA,1167,593
PATADANGA,1164,595
PATADANGA,1166,588
PATEKEBARI,1166,515
PATEKEBARI,1167,520
PATEKEBARI,1164,524
PATELNAGOR,1167,575
PATELNAGOR,1164,577
PATELNAGOR,1166,570
PATHARCHAPRI,1166,486
PATHARCHAPRI,1164,494
PATHARCHAPRI,1167,491
PATPUKUR,1166,664
PATPUKUR,1167,669
PATPUKUR,1164,671
PATRASAAYER,1164,764
PATULI BAZAR,1164,659
PATULI STATION BAZAR,1164,614
PAYRADANGA,1164,795
PAYRADANGA,1166,788
PAYRADANGA,1167,793
PIPLAN,1164,704
PIPLAN,1166,697
PIPLAN,1167,702
PLASSEY,1167,560
PLASSEY,1164,563
PLASSEY,1166,555
PLASSEYPARA,1166,608
PLASSEYPARA,1167,612
PLASSEYPARA,1164,615
POHALANPUR,1164,764
PORADANGA,1166,286
PORADANGA,1167,290
PORADANGA,1164,298
POTASPUR,1164,994
PRACHIN MAYAPUR,1164,638
PRACHIN MAYAPUR,1166,629
PRACHIN MAYAPUR,1167,634
PRANTIK,1167,519
PRANTIK,1166,514
PRANTIK,1164,523
PRATAPDIGHI,1164,994
PURANDARPUR,1164,542
PURANDARPUR,1167,539
PURANDARPUR,1166,534
PURBASTHALI,1164,746
PANJIPARA,1166,998
PANJIPARA,1164,1008
PANJIPARA,1167,1003
PUKHURIA,1164,616
PUKHURIA,1167,611
PUKHURIA,1166,607
PALASON,1164,723
PALISHGRAM,1164,659
PANINALA,1166,702
PANINALA,1164,709
PANINALA,1167,707
PANUHAT(KATWA),1164,605
PARAJ,1164,825
PARK STREET,1164,925
PARNASHREE,1164,850
PATHARGHATA,1167,771
PATHARGHATA,1164,773
PATHARGHATA,1166,766
PICNIC GARDEN,1164,879
PRITAMBARPUR,1167,729
PRITAMBARPUR,1164,731
PRITAMBARPUR,1166,724
PUKURIA,1164,731
PUKURIA,1166,724
PUKURIA,1167,729
PANCHET - WB,1164,843
PRATAPNAGAR,1167,619
PRATAPNAGAR,1164,623
PRATAPNAGAR,1166,614
PAGLI GACHH,1166,955
PAGLI GACHH,1167,960
PAGLI GACHH,1164,961
PATAGORA,1164,894
PATAGORA,1166,888
PATAGORA,1167,893
PATIRAM,1166,796
PATIRAM,1167,801
PATIRAM,1164,806
PUNDARI,1166,694
PUNDARI,1167,699
PUNDARI,1164,701
PUNISOLE,1164,819
PARATAL,1164,807
PALIANPUR,1166,757
PALIANPUR,1164,763
PALIANPUR,1167,762
PALIT BEGIA,1167,625
PALIT BEGIA,1164,629
PALIT BEGIA,1166,620
PATSHIMULIA,1167,800
PATSHIMULIA,1164,802
PATSHIMULIA,1166,795
PALSANDA (MSD),1166,209
PALSANDA (MSD),1164,218
PALSANDA (MSD),1167,214
PAR DEONAPUR,1167,518
PAR DEONAPUR,1166,513
PAR DEONAPUR,1164,522
PANDUA (MLD),1164,616
PANDUA (MLD),1166,609
PANDUA (MLD),1167,613
RADHAMONI,1164,950
RADHANAGAR GHAT,1167,500
RADHANAGAR GHAT,1164,503
RADHANAGAR GHAT,1166,495
RADHARGHAT,1164,356
RADHARGHAT,1166,347
RADHARGHAT,1167,352
RAGHUNATHGUNJ,1167,213
RAGHUNATHGUNJ,1164,214
RAGHUNATHGUNJ,1166,210
RAGHUNATHPUR(PURULIA,1164,805
RAIGANJ,1164,796
RAIGANJ,1166,786
RAIGANJ,1167,791
RAIKHA,1167,644
RAIKHA,1166,639
RAIKHA,1164,647
RAINA-1,1164,764
RAINA-2,1164,720
RAJANAGAR (SAGARDHIG,1166,196
RAJANAGAR (SAGARDHIG,1167,200
RAJANAGAR (SAGARDHIG,1164,200
RAJAPUR,1164,549
RAJARAMPUR,1166,208
RAJARAMPUR,1167,210
RAJARAMPUR,1164,211
RAJARHAT,1164,884
RAJGRAM,1164,387
RAJGRAM,1167,383
RAJGRAM,1166,378
RAJHATI,1164,802
RAJNAGAR,1167,644
RAJNAGAR,1164,647
RAJNAGAR,1166,639
RAMNAGAR SUGAR MILL,1166,579
RAMNAGAR SUGAR MILL,1167,584
RAMNAGAR SUGAR MILL,1164,586
RAMNAGOR,1164,578
RAMNAGOR,1166,571
RAMNAGOR,1167,576
RAMNARAYANPUR,1164,764
RAMPURHAT,1166,412
RAMPURHAT,1164,420
RAMPURHAT,1167,417
RANAGHAT,1164,787
RANAGHAT,1167,785
RANAGHAT,1166,780
RANAGHAT-2,1166,693
RANAGHAT-2,1164,700
RANAGHAT-2,1167,698
RANGRAM,1166,474
RANGRAM,1167,479
RANGRAM,1164,482
RANINAGAR,1164,506
RANINAGAR,1167,502
RANINAGAR,1166,497
RANINAGR-2,1167,530
RANINAGR-2,1166,525
RANINAGR-2,1164,533
RANITALA,1166,427
RANITALA,1164,435
RANITALA,1167,432
RASAKHOA,1167,844
RASAKHOA,1164,849
RASAKHOA,1166,839
RATANPUR,1164,220
RATUA,1166,658
RATUA,1164,673
RATUA,1167,665
REJINAGAR,1167,479
REJINAGAR,1166,474
REJINAGAR,1164,482
REZINAGAR,1166,469
REZINAGAR,1167,474
REZINAGAR,1164,477
RISHRA,1164,858
ROAD STATION,1166,696
ROAD STATION,1167,701
ROAD STATION,1164,703
RUDRANAGOR,1167,339
RUDRANAGOR,1164,343
RUDRANAGOR,1166,334
RUKUNPUR,1164,709
RUKUNPUR,1166,702
RUKUNPUR,1167,707
RAMGANJ,1164,1041
RAMGANJ,1166,1031
RAMGANJ,1167,1036
RAMPUR (UD),1164,755
RAMPUR (UD),1166,749
RAMPUR (UD),1167,754
RAIPUR (BWN),1164,848
RAJHATI BANDAR,1164,791
RAMGOPALPUR,1164,807
RASULULLAHPUR,1167,711
RASULULLAHPUR,1166,706
RASULULLAHPUR,1164,713
RASIKPUR,1166,593
RASIKPUR,1164,600
RASIKPUR,1167,598
RAMNAGAR (BPC),1166,394
RAMNAGAR (BPC),1164,403
RAMNAGAR (BPC),1167,399
RAMNAGAR (K-CHAK),1166,510
RAMNAGAR (K-CHAK),1167,515
RAMNAGAR (K-CHAK),1164,519
S.P.MUKHERJEE ROAD,1164,764
SADIKHAN DIAR,1166,544
SADIKHAN DIAR,1164,552
SADIKHAN DIAR,1167,549
SAGARDIGHI,1164,214
SAGARDIGHI,1166,211
SAGARDIGHI,1167,213
SAGARDIGHI THERMAL P,1167,75
SAGARDIGHI THERMAL P,1166,74
SAGARDIGHI THERMAL P,1164,57
SAGARPARA,1167,550
SAGARPARA,1164,553
SAGARPARA,1166,545
SAGUNA,1164,850
SAHAJPUR,1164,723
SAHEBGANJ,1164,659
SAINTHIA,1167,524
SAINTHIA,1166,519
SAINTHIA,1164,527
SAJUR MORE,1166,347
SAJUR MORE,1167,352
SAJUR MORE,1164,356
SAKOPARA,1167,340
SAKOPARA,1166,337
SAKOPARA,1164,342
SAKTIPUR,1164,493
SAKTIPUR,1166,485
SAKTIPUR,1167,490
SAKUNTALA PARK,1164,856
SALAR,1167,507
SALAR,1166,502
SALAR,1164,511
SALBONI,1164,856
SALIGRAM (DHARMADA),1166,557
SALIGRAM (DHARMADA),1167,562
SALIGRAM (DHARMADA),1164,565
SALKIA,1164,881
SALTORA,1164,764
SAMMATINAGAR,1166,196
SAMMATINAGAR,1164,200
SAMMATINAGAR,1167,197
SAMSERGANJ,1167,333
SAMSERGANJ,1164,337
SAMSERGANJ,1166,328
SAMUDRAGARH,1164,704
SANKETPUR,1167,459
SANKETPUR,1166,455
SANKETPUR,1164,463
SANKRAIL (SHL),1164,925
SARBANGAPUR,1164,541
SARBANGAPUR,1167,538
SARBANGAPUR,1166,533
SARDHA,1164,374
SARDHA,1167,370
SARDHA,1166,365
SARGACHI,1167,404
SARGACHI,1166,399
SARGACHI,1164,408
SATGACHIA,1164,723
SATMAIL (KGP),1164,994
SATPALSA,1164,524
SATPALSA,1167,520
SATPALSA,1166,515
SATUI,1166,474
SATUI,1167,479
SATUI,1164,482
SEHARABAZAR,1164,723
SEKHDHIGI,1167,200
SEKHDHIGI,1166,196
SEKHDHIGI,1164,200
SEKHPARA,1166,574
SEKHPARA,1164,581
SEKHPARA,1167,579
SEORAKURI,1167,539
SEORAKURI,1166,534
SEORAKURI,1164,542
SHAHBAZPUR,1166,510
SHAHBAZPUR,1167,515
SHAHBAZPUR,1164,519
SHAKTI GARH,1164,704
SHALINDA,1166,521
SHALINDA,1164,529
SHALINDA,1167,526
SHANTIPUR,1167,729
SHANTIPUR,1164,731
SHANTIPUR,1166,724
SHEORAPHULLY,1164,820
SHERPUR,1166,427
SHERPUR,1167,432
SHERPUR,1164,435
SHYAMSUNDAR,1164,723
SHIBNIBAS,1164,709
SHIBNIBAS,1167,707
SHIBNIBAS,1166,702
SUNDALPUR,1164,615
SUNDALPUR,1167,612
SUNDALPUR,1166,608
SAIDAPUR,1167,209
SAIDAPUR,1166,207
SAIDAPUR,1164,210
SANNYASIDANGA,1167,287
SANNYASIDANGA,1166,284
SANNYASIDANGA,1164,289
SIMANAPARA,1167,268
SIMANAPARA,1166,263
SIMANAPARA,1164,273
SIKARPUR (MSD),1167,488
SIKARPUR (MSD),1166,483
SIKARPUR (MSD),1164,491
SIBOGRAM,1167,459
SIBOGRAM,1164,463
SIBOGRAM,1166,455
SIJGRAM,1167,539
SIJGRAM,1164,542
SIJGRAM,1166,534
SIKARPUR,1164,671
SIKARPUR,1166,664
SIKARPUR,1167,669
SILINDA,1164,757
SILINDA,1166,751
SILINDA,1167,756
SIMULIAHAT,1167,525
SIMULIAHAT,1166,520
SIMULIAHAT,1164,528
SIMURALI,1164,850
SINDRANI BAZAR,1167,808
SINDRANI BAZAR,1166,803
SINDRANI BAZAR,1164,810
SINGHI,1164,549
SINGHI,1166,541
SINGHI,1167,546
SINGTI,1164,863
SISALFARM,1167,580
SISALFARM,1164,582
SISALFARM,1166,575
SODEPUR,1164,856
SONATALA,1167,669
SONATALA,1166,664
SONATALA,1164,671
SONDANGA,1166,603
SONDANGA,1164,610
SONDANGA,1167,608
SONGHATA,1164,709
SONGHATA,1167,707
SONGHATA,1166,702
SONPUKUR,1166,724
SONPUKUR,1167,729
SONPUKUR,1164,731
SONTSAL,1166,455
SONTSAL,1167,459
SONTSAL,1164,463
SREERAMPUR,1164,858
SRIKANTAPUR,1164,528
SRIKANTAPUR,1167,525
SRIKANTAPUR,1166,520
SUBHASHGRAM,1164,938
SUISA,1164,981
SUJNIPARA / MADNA,1166,347
SUJNIPARA / MADNA,1164,356
SUJNIPARA / MADNA,1167,352
SUKI,1167,201
SUKI,1164,205
SUKI,1166,194
SULTANPUR,1164,435
SULTANPUR,1167,432
SULTANPUR,1166,427
SUNDERPUR,1167,539
SUNDERPUR,1166,534
SUNDERPUR,1164,542
SURI,1164,523
SURI,1167,519
SURI,1166,514
SURJAPUR,1166,939
SURJAPUR,1164,945
SURJAPUR,1167,944
SUTAHATA,1164,971
SUTI (AHIRON),1167,215
SUTI (AHIRON),1166,210
SUTI (AHIRON),1164,219
SUTI-1,1167,267
SUTI-1,1164,271
SUTI-1,1166,264
SUTI-2,1167,322
SUTI-2,1164,326
SUTI-2,1166,317
SUTRAGAR,1166,724
SUTRAGAR,1167,729
SUTRAGAR,1164,731
SWARNAKHALI,1166,803
SWARNAKHALI,1164,810
SWARNAKHALI,1167,808
SWARUPNAGAR,1164,849
SAHAPUR (UD),1167,958
SAHAPUR (UD),1166,953
SAHAPUR (UD),1164,959
SAMASPUR,1164,782
SAMASPUR,1167,780
SAMASPUR,1166,775
SOLPARA,1167,885
SOLPARA,1166,880
SOLPARA,1164,886
SONAPURHAT,1167,1126
SONAPURHAT,1166,1121
SONAPURHAT,1164,1131
SREEPUR,1166,640
SREEPUR,1164,648
SREEPUR,1167,645
SUTI (MLD),1167,662
SUTI (MLD),1166,657
SUTI (MLD),1164,664
SIMLAGARH,1164,825
SADIKPUR,1166,394
SADIKPUR,1167,399
SADIKPUR,1164,403
SAHAPUR,1164,595
SAHAPUR (SURI),1164,463
SAHAPUR (SURI),1167,459
SAHAPUR (SURI),1166,455
SAKTINAGAR,1166,702
SAKTINAGAR,1167,707
SAKTINAGAR,1164,709
SHYAMPUR (NADIA),1167,758
SHYAMPUR (NADIA),1164,759
SHYAMPUR (NADIA),1166,753
SILBERIA,1166,766
SILBERIA,1164,773
SILBERIA,1167,771
SIMULIA-MAZDIA ROUTE,1166,702
SIMULIA-MAZDIA ROUTE,1167,707
SIMULIA-MAZDIA ROUTE,1164,709
SIRAKOL,1164,994
SONERDANGA,1164,764
SWARUPGANJ (NDA),1167,669
SWARUPGANJ (NDA),1164,671
SWARUPGANJ (NDA),1166,664
SALBEDIA,1164,788
SANTASRAM,1164,764
SHIBPUR (BRD),1164,540
SILDA,1164,972
SAMSI,1167,707
SAMSI,1164,709
SAMSI,1166,702
SUJAPUR,1166,495
SUJAPUR,1167,500
SUJAPUR,1164,503
SINGI,1164,659
TAHERPUR,1167,724
TAHERPUR,1164,726
TAHERPUR,1166,719
TAKIPUR,1167,702
TAKIPUR,1164,704
TAKIPUR,1166,697
TAKTIPUR,1167,547
TAKTIPUR,1166,542
TAKTIPUR,1164,550
TALIBPUR,1167,597
TALIBPUR,1164,599
TALIBPUR,1166,592
TAMLUK,1164,952
TAMLUK-2,1164,921
TANGRA  (BAGULA),1167,822
TANGRA  (BAGULA),1164,824
TANGRA  (BAGULA),1166,817
TANTIPARA,1166,588
TANTIPARA,1164,595
TANTIPARA,1167,593
TAPAN,1164,734
TAPAN,1167,732
TAPAN,1166,727
TARANIPUR,1164,810
TARANIPUR,1166,803
TARANIPUR,1167,808
TARAPITH,1167,425
TARAPITH,1166,420
TARAPITH,1164,428
TEHATTA,1164,800
TEHATTA,1166,793
TEHATTA,1167,798
TEHATTA-2,1166,478
TEHATTA-2,1167,483
TEHATTA-2,1164,486
TEJHATI,1164,337
TEJHATI,1166,328
TEJHATI,1167,333
TEORKHALI,1166,664
TEORKHALI,1167,669
TEORKHALI,1164,671
THANARPARA,1164,591
THANARPARA,1167,589
THANARPARA,1166,584
TIA,1166,617
TIA,1164,626
TIA,1167,622
TILAKPUR (CHAPRA),1164,850
TILAKPUR (CHAPRA),1166,844
TILDANGA (HABIBPUR),1166,390
TILDANGA (HABIBPUR),1164,399
TILDANGA (HABIBPUR),1167,395
TILJALA,1164,861
TRIMOHINI,1166,469
TRIMOHINI,1164,477
TRIMOHINI,1167,474
TRIMOHINI (MAHALDARP,1167,581
TRIMOHINI (MAHALDARP,1164,583
TRIMOHINI (MAHALDARP,1166,576
TUNGIDIGHI,1164,810
TUNGIDIGHI,1166,800
TUNGIDIGHI,1167,805
TILDANGA,1166,492
TILDANGA,1167,497
TILDANGA,1164,500
TALIT,1164,723
TULIN,1164,972
TEOR,1166,775
TEOR,1164,782
TEOR,1167,780
THANGAPARA,1166,781
THANGAPARA,1164,791
THANGAPARA,1167,786
TRIMOHINI (HILLI),1167,914
TRIMOHINI (HILLI),1166,910
TRIMOHINI (HILLI),1164,919
TULSIHATA,1164,812
TULSIHATA,1167,807
TULSIHATA,1166,802
TUBGRAM,1164,704
TILASHAN,1167,609
TILASHAN,1164,611
TILASHAN,1166,604
UTTAR KUMEDPUR,1166,751
UTTAR KUMEDPUR,1164,760
UTTAR KUMEDPUR,1167,756
UMARPUR,1166,196
UMARPUR,1164,200
UMARPUR,1167,200
USAHARAN,1166,743.36
USAHARAN,1167,749.49
USAHARAN,1164,758.65
VEROSTHAN,1164,874
VEROSTHAN,1167,873
VEROSTHAN,1166,868
SONAR BANGLA HUB - S,1162,48
SONAR BANGLA HUB - S,1163,48
SONAR BANGLA HUB - S,1164,48
SONAR BANGLA HUB - S,1166,48
SONAR BANGLA HUB - S,1167,48
